TimeStamp, ReadCount, Antenna, Protocol, RSSI, EPC, Sensor
01/11/2017 17:00:20.190433, 101, 1, GEN2, -5, E036112D912508B3, 37, 100, 0, 3.38,  (Infinity%),
01/11/2017 17:00:20.857733, 102, 1, GEN2, -5, E036112D912508B3, 40, 90, 0, 3.38,  (Infinity%),
01/11/2017 17:00:21.380565, 103, 1, GEN2, -5, E036112D912508B3, 8, 148, 0, 3.38,  (Infinity%),
01/11/2017 17:00:22.070088, 104, 1, GEN2, -5, E036112D912508B3, 6, 183, 0, 3.38,  (Infinity%),
01/11/2017 17:00:22.626938, 105, 1, GEN2, -5, E036112D912508B3, 27, 385, 0, 3.38,  (Infinity%),
01/11/2017 17:00:23.155194, 106, 1, GEN2, -5, E036112D912508B3, 21, 355, 0, 3.38,  (Infinity%),
01/11/2017 17:00:23.740258, 107, 1, GEN2, -5, E036112D912508B3, 35, 391, 0, 3.38,  (Infinity%),
01/11/2017 17:00:24.426403, 108, 1, GEN2, -5, E036112D912508B3, 11, 302, 0, 3.38,  (Infinity%),
01/11/2017 17:00:25.117563, 109, 1, GEN2, -5, E036112D912508B3, 6, 368, 0, 3.38,  (Infinity%),
01/11/2017 17:00:25.618918, 110, 1, GEN2, -5, E036112D912508B3, 39, 417, 0, 3.38,  (Infinity%),
01/11/2017 17:00:26.207870, 111, 1, GEN2, -5, E036112D912508B3, 22, 161, 0, 3.38,  (Infinity%),
01/11/2017 17:00:26.833414, 112, 1, GEN2, -5, E036112D912508B3, 14, 333, 0, 3.38,  (Infinity%),
01/11/2017 17:00:27.502902, 113, 1, GEN2, -5, E036112D912508B3, 20, 336, 0, 3.38,  (Infinity%),
01/11/2017 17:00:28.073796, 114, 1, GEN2, -5, E036112D912508B3, 34, 127, 0, 3.38,  (Infinity%),
01/11/2017 17:00:28.577404, 115, 1, GEN2, -5, E036112D912508B3, 23, 182, 0, 3.38,  (Infinity%),
01/11/2017 17:00:29.179096, 116, 1, GEN2, -5, E036112D912508B3, 2, 403, 0, 3.38,  (Infinity%),
01/11/2017 17:00:29.822690, 117, 1, GEN2, -5, E036112D912508B3, 22, 361, 0, 3.38,  (Infinity%),
01/11/2017 17:00:30.461148, 118, 1, GEN2, -5, E036112D912508B3, 31, 147, 0, 3.38,  (Infinity%),
01/11/2017 17:00:31.085430, 119, 1, GEN2, -5, E036112D912508B3, 38, 238, 0, 3.38,  (Infinity%),
01/11/2017 17:00:31.592597, 120, 1, GEN2, -5, E036112D912508B3, 6, 393, 0, 3.38,  (Infinity%),
01/11/2017 17:00:32.206529, 121, 1, GEN2, -5, E036112D912508B3, 4, 170, 0, 3.38,  (Infinity%),
01/11/2017 17:00:32.861215, 122, 1, GEN2, -5, E036112D912508B3, 39, 173, 0, 3.38,  (Infinity%),
01/11/2017 17:00:33.459008, 123, 1, GEN2, -5, E036112D912508B3, 23, 384, 0, 3.38,  (Infinity%),
01/11/2017 17:00:33.968504, 124, 1, GEN2, -5, E036112D912508B3, 37, 231, 0, 3.38,  (Infinity%),
01/11/2017 17:00:34.609761, 125, 1, GEN2, -5, E036112D912508B3, 40, 331, 0, 3.38,  (Infinity%),
01/11/2017 17:00:35.249016, 126, 1, GEN2, -5, E036112D912508B3, 28, 126, 0, 3.38,  (Infinity%),
01/11/2017 17:00:35.860778, 127, 2, GEN2, -5, E036112D912508B3, 34, 305, 0, 3.38,  (Infinity%),
01/11/2017 17:00:39.435931, 128, 2, GEN2, -5, E036112D912508B3, 29, 200, 0, 3.38,  (Infinity%),
01/11/2017 17:00:40.057002, 129, 2, GEN2, -5, E036112D912508B3, 4, 424, 0, 3.38,  (Infinity%),
01/11/2017 17:00:40.667508, 130, 2, GEN2, -5, E036112D912508B3, 29, 146, 0, 3.38,  (Infinity%),
01/11/2017 17:00:41.347888, 131, 2, GEN2, -5, E036112D912508B3, 29, 296, 0, 3.38,  (Infinity%),
01/11/2017 17:00:41.997353, 132, 2, GEN2, -5, E036112D912508B3, 5, 405, 0, 3.38,  (Infinity%),
01/11/2017 17:00:42.693295, 133, 2, GEN2, -5, E036112D912508B3, 9, 421, 0, 3.38,  (Infinity%),
01/11/2017 17:00:43.260988, 134, 2, GEN2, -5, E036112D912508B3, 34, 144, 0, 3.38,  (Infinity%),
01/11/2017 17:00:43.951223, 135, 2, GEN2, -5, E036112D912508B3, 25, 289, 0, 3.38,  (Infinity%),
01/11/2017 17:00:44.560085, 136, 2, GEN2, -5, E036112D912508B3, 36, 269, 0, 3.38,  (Infinity%),
01/11/2017 17:00:45.087964, 137, 2, GEN2, -5, E036112D912508B3, 39, 124, 0, 3.38,  (Infinity%),
01/11/2017 17:00:45.771416, 138, 2, GEN2, -5, E036112D912508B3, 35, 415, 0, 3.38,  (Infinity%),
01/11/2017 17:00:46.294466, 139, 2, GEN2, -5, E036112D912508B3, 10, 122, 0, 3.38,  (Infinity%),
01/11/2017 17:00:46.929145, 140, 2, GEN2, -5, E036112D912508B3, 15, 101, 0, 3.38,  (Infinity%),
01/11/2017 17:00:47.531777, 141, 2, GEN2, -5, E036112D912508B3, 32, 288, 0, 3.38,  (Infinity%),
01/11/2017 17:00:48.099275, 142, 2, GEN2, -5, E036112D912508B3, 19, 305, 0, 3.38,  (Infinity%),
01/11/2017 17:00:48.722192, 143, 2, GEN2, -5, E036112D912508B3, 15, 350, 0, 3.38,  (Infinity%),
01/11/2017 17:00:49.347707, 144, 2, GEN2, -5, E036112D912508B3, 25, 411, 0, 3.38,  (Infinity%),
01/11/2017 17:00:49.899481, 145, 2, GEN2, -5, E036112D912508B3, 25, 289, 0, 3.38,  (Infinity%),
01/11/2017 17:00:50.553872, 146, 2, GEN2, -5, E036112D912508B3, 14, 256, 0, 3.38,  (Infinity%),
01/11/2017 17:00:51.327698, 147, 2, GEN2, -5, E036112D912508B3, 13, 416, 0, 3.38,  (Infinity%),
01/11/2017 17:00:51.978712, 148, 2, GEN2, -5, E036112D912508B3, 9, 306, 0, 3.38,  (Infinity%),
01/11/2017 17:00:52.574382, 149, 2, GEN2, -5, E036112D912508B3, 6, 155, 0, 3.38,  (Infinity%),
01/11/2017 17:00:53.148918, 150, 2, GEN2, -5, E036112D912508B3, 34, 280, 0, 3.38,  (Infinity%),
01/11/2017 17:00:53.714658, 151, 2, GEN2, -5, E036112D912508B3, 5, 183, 0, 3.38,  (Infinity%),
01/11/2017 17:00:54.365433, 152, 2, GEN2, -5, E036112D912508B3, 4, 324, 0, 3.38,  (Infinity%),
01/11/2017 17:00:54.932111, 153, 2, GEN2, -5, E036112D912508B3, 18, 293, 0, 3.38,  (Infinity%),
01/11/2017 17:00:55.564282, 154, 2, GEN2, -5, E036112D912508B3, 11, 442, 0, 3.38,  (Infinity%),
01/11/2017 17:00:56.076349, 155, 2, GEN2, -5, E036112D912508B3, 20, 380, 0, 3.38,  (Infinity%),
01/11/2017 17:00:56.707326, 156, 2, GEN2, -5, E036112D912508B3, 7, 409, 0, 3.38,  (Infinity%),
01/11/2017 17:00:57.330242, 157, 2, GEN2, -5, E036112D912508B3, 33, 423, 0, 3.38,  (Infinity%),
01/11/2017 17:00:57.930113, 158, 2, GEN2, -5, E036112D912508B3, 34, 426, 0, 3.38,  (Infinity%),
01/11/2017 17:00:58.463266, 159, 2, GEN2, -5, E036112D912508B3, 23, 146, 0, 3.38,  (Infinity%),
01/11/2017 17:00:59.070722, 160, 2, GEN2, -5, E036112D912508B3, 6, 412, 0, 3.38,  (Infinity%),
01/11/2017 17:00:59.644897, 161, 3, GEN2, -5, E036112D912508B3, 25, 430, 0, 3.38,  (Infinity%),
01/11/2017 17:01:03.227282, 162, 3, GEN2, -5, E036112D912508B3, 23, 121, 0, 3.38,  (Infinity%),
01/11/2017 17:01:03.767906, 163, 3, GEN2, -5, E036112D912508B3, 31, 345, 0, 3.38,  (Infinity%),
01/11/2017 17:01:04.363496, 164, 3, GEN2, -5, E036112D912508B3, 13, 345, 0, 3.38,  (Infinity%),
01/11/2017 17:01:04.988985, 165, 3, GEN2, -5, E036112D912508B3, 4, 189, 0, 3.38,  (Infinity%),
01/11/2017 17:01:05.661457, 166, 3, GEN2, -5, E036112D912508B3, 15, 215, 0, 3.38,  (Infinity%),
01/11/2017 17:01:06.318207, 167, 3, GEN2, -5, E036112D912508B3, 26, 442, 0, 3.38,  (Infinity%),
01/11/2017 17:01:06.829358, 168, 3, GEN2, -5, E036112D912508B3, 23, 214, 0, 3.38,  (Infinity%),
01/11/2017 17:01:07.520753, 169, 3, GEN2, -5, E036112D912508B3, 16, 251, 0, 3.38,  (Infinity%),
01/11/2017 17:01:08.140616, 170, 3, GEN2, -5, E036112D912508B3, 21, 242, 0, 3.38,  (Infinity%),
01/11/2017 17:01:08.792535, 171, 3, GEN2, -5, E036112D912508B3, 11, 325, 0, 3.38,  (Infinity%),
01/11/2017 17:01:09.341401, 172, 3, GEN2, -5, E036112D912508B3, 5, 139, 0, 3.38,  (Infinity%),
01/11/2017 17:01:09.865871, 173, 3, GEN2, -5, E036112D912508B3, 31, 146, 0, 3.38,  (Infinity%),
01/11/2017 17:01:10.368392, 174, 3, GEN2, -5, E036112D912508B3, 9, 126, 0, 3.38,  (Infinity%),
01/11/2017 17:01:11.065708, 175, 3, GEN2, -5, E036112D912508B3, 36, 298, 0, 3.38,  (Infinity%),
01/11/2017 17:01:11.752942, 176, 3, GEN2, -5, E036112D912508B3, 5, 182, 0, 3.38,  (Infinity%),
01/11/2017 17:01:12.401008, 177, 3, GEN2, -5, E036112D912508B3, 40, 165, 0, 3.38,  (Infinity%),
01/11/2017 17:01:13.101380, 178, 3, GEN2, -5, E036112D912508B3, 5, 132, 0, 3.38,  (Infinity%),
01/11/2017 17:01:13.610124, 179, 3, GEN2, -5, E036112D912508B3, 8, 337, 0, 3.38,  (Infinity%),
01/11/2017 17:01:14.275005, 180, 3, GEN2, -5, E036112D912508B3, 27, 327, 0, 3.38,  (Infinity%),
01/11/2017 17:01:14.873458, 181, 3, GEN2, -5, E036112D912508B3, 15, 105, 0, 3.38,  (Infinity%),
01/11/2017 17:01:15.569769, 182, 3, GEN2, -5, E036112D912508B3, 2, 157, 0, 3.38,  (Infinity%),
01/11/2017 17:01:16.094612, 183, 3, GEN2, -5, E036112D912508B3, 11, 411, 0, 3.38,  (Infinity%),
01/11/2017 17:01:16.670796, 184, 3, GEN2, -5, E036112D912508B3, 20, 239, 0, 3.38,  (Infinity%),
01/11/2017 17:01:17.265741, 185, 1, GEN2, -5, E036112D912508B3, 36, 243, 0, 3.38,  (Infinity%),
01/11/2017 17:01:20.802295, 186, 1, GEN2, -5, E036112D912508B3, 3, 303, 0, 3.38,  (Infinity%),
01/11/2017 17:01:21.311418, 187, 1, GEN2, -5, E036112D912508B3, 30, 203, 0, 3.38,  (Infinity%),
01/11/2017 17:01:21.827920, 188, 1, GEN2, -5, E036112D912508B3, 20, 285, 0, 3.38,  (Infinity%),
01/11/2017 17:01:22.385795, 189, 1, GEN2, -5, E036112D912508B3, 38, 122, 0, 3.38,  (Infinity%),
01/11/2017 17:01:22.918626, 190, 1, GEN2, -5, E036112D912508B3, 33, 177, 0, 3.38,  (Infinity%),
01/11/2017 17:01:23.561698, 191, 1, GEN2, -5, E036112D912508B3, 34, 179, 0, 3.38,  (Infinity%),
01/11/2017 17:01:24.205312, 192, 1, GEN2, -5, E036112D912508B3, 12, 142, 0, 3.38,  (Infinity%),
01/11/2017 17:01:24.743143, 193, 1, GEN2, -5, E036112D912508B3, 13, 317, 0, 3.38,  (Infinity%),
01/11/2017 17:01:25.441631, 194, 1, GEN2, -5, E036112D912508B3, 34, 119, 0, 3.38,  (Infinity%),
01/11/2017 17:01:26.135012, 195, 1, GEN2, -5, E036112D912508B3, 14, 309, 0, 3.38,  (Infinity%),
01/11/2017 17:02:30.073644, 101, 1, GEN2, -5, E036112D912508B3, 39, 247, 0, 3.38,  (Infinity%),
01/11/2017 17:02:30.762576, 102, 1, GEN2, -5, E036112D912508B3, 4, 422, 0, 3.38,  (Infinity%),
01/11/2017 17:02:31.402939, 103, 1, GEN2, -5, E036112D912508B3, 37, 264, 0, 3.38,  (Infinity%),
01/11/2017 17:02:31.923250, 104, 1, GEN2, -5, E036112D912508B3, 11, 434, 0, 3.38,  (Infinity%),
01/11/2017 17:02:32.540897, 105, 1, GEN2, -5, E036112D912508B3, 8, 129, 0, 3.38,  (Infinity%),
01/11/2017 17:02:33.188147, 106, 1, GEN2, -5, E036112D912508B3, 23, 175, 0, 3.38,  (Infinity%),
01/11/2017 17:02:33.867466, 107, 1, GEN2, -5, E036112D912508B3, 31, 431, 0, 3.38,  (Infinity%),
01/11/2017 17:02:34.447316, 108, 1, GEN2, -5, E036112D912508B3, 21, 387, 0, 3.38,  (Infinity%),
01/11/2017 17:02:34.974027, 109, 1, GEN2, -5, E036112D912508B3, 36, 302, 0, 3.38,  (Infinity%),
01/11/2017 17:02:35.597636, 110, 1, GEN2, -5, E036112D912508B3, 12, 449, 0, 3.38,  (Infinity%),
01/11/2017 17:02:36.126094, 111, 1, GEN2, -5, E036112D912508B3, 40, 344, 0, 3.38,  (Infinity%),
01/11/2017 17:02:36.637858, 112, 1, GEN2, -5, E036112D912508B3, 5, 267, 0, 3.38,  (Infinity%),
01/11/2017 17:02:37.243371, 113, 1, GEN2, -5, E036112D912508B3, 19, 308, 0, 3.38,  (Infinity%),
01/11/2017 17:02:37.878030, 114, 1, GEN2, -5, E036112D912508B3, 3, 318, 0, 3.38,  (Infinity%),
01/11/2017 17:02:38.441782, 115, 1, GEN2, -5, E036112D912508B3, 17, 109, 0, 3.38,  (Infinity%),
01/11/2017 17:02:38.954135, 116, 1, GEN2, -5, E036112D912508B3, 37, 153, 0, 3.38,  (Infinity%),
01/11/2017 17:02:39.574253, 117, 1, GEN2, -5, E036112D912508B3, 14, 266, 0, 3.38,  (Infinity%),
01/11/2017 17:02:40.143315, 118, 1, GEN2, -5, E036112D912508B3, 22, 424, 0, 3.38,  (Infinity%),
01/11/2017 17:02:40.688353, 119, 1, GEN2, -5, E036112D912508B3, 15, 308, 0, 3.38,  (Infinity%),
01/11/2017 17:02:41.246326, 120, 1, GEN2, -5, E036112D912508B3, 9, 282, 0, 3.38,  (Infinity%),
01/11/2017 17:02:41.889360, 121, 1, GEN2, -5, E036112D912508B3, 30, 166, 0, 3.38,  (Infinity%),
01/11/2017 17:02:42.517931, 122, 1, GEN2, -5, E036112D912508B3, 32, 307, 0, 3.38,  (Infinity%),
01/11/2017 17:02:43.088061, 123, 1, GEN2, -5, E036112D912508B3, 37, 120, 0, 3.38,  (Infinity%),
01/11/2017 17:02:43.749306, 124, 1, GEN2, -5, E036112D912508B3, 31, 366, 0, 3.38,  (Infinity%),
01/11/2017 17:02:44.418740, 125, 2, GEN2, -5, E036112D912508B3, 12, 266, 0, 3.38,  (Infinity%),
01/11/2017 17:02:48.036601, 126, 2, GEN2, -5, E036112D912508B3, 13, 119, 0, 3.38,  (Infinity%),
01/11/2017 17:02:48.602337, 127, 2, GEN2, -5, E036112D912508B3, 34, 137, 0, 3.38,  (Infinity%),
01/11/2017 17:02:49.253830, 128, 2, GEN2, -5, E036112D912508B3, 31, 160, 0, 3.38,  (Infinity%),
01/11/2017 17:02:49.761409, 129, 2, GEN2, -5, E036112D912508B3, 40, 444, 0, 3.38,  (Infinity%),
01/11/2017 17:02:50.371101, 130, 2, GEN2, -5, E036112D912508B3, 35, 430, 0, 3.38,  (Infinity%),
01/11/2017 17:02:50.929059, 131, 2, GEN2, -5, E036112D912508B3, 25, 211, 0, 3.38,  (Infinity%),
01/11/2017 17:02:51.626421, 132, 2, GEN2, -5, E036112D912508B3, 4, 432, 0, 3.38,  (Infinity%),
01/11/2017 17:02:52.236409, 133, 2, GEN2, -5, E036112D912508B3, 17, 274, 0, 3.38,  (Infinity%),
01/11/2017 17:02:52.806948, 134, 2, GEN2, -5, E036112D912508B3, 36, 160, 0, 3.38,  (Infinity%),
01/11/2017 17:02:53.348206, 135, 2, GEN2, -5, E036112D912508B3, 20, 199, 0, 3.38,  (Infinity%),
01/11/2017 17:02:54.026550, 136, 2, GEN2, -5, E036112D912508B3, 28, 353, 0, 3.38,  (Infinity%),
01/11/2017 17:02:54.714344, 137, 2, GEN2, -5, E036112D912508B3, 29, 299, 0, 3.38,  (Infinity%),
01/11/2017 17:02:55.388425, 138, 2, GEN2, -5, E036112D912508B3, 24, 136, 0, 3.38,  (Infinity%),
01/11/2017 17:02:56.026421, 139, 2, GEN2, -5, E036112D912508B3, 21, 302, 0, 3.38,  (Infinity%),
01/11/2017 17:02:56.631745, 140, 2, GEN2, -5, E036112D912508B3, 35, 371, 0, 3.38,  (Infinity%),
01/11/2017 17:02:57.205449, 141, 2, GEN2, -5, E036112D912508B3, 28, 177, 0, 3.38,  (Infinity%),
01/11/2017 17:02:57.713740, 142, 2, GEN2, -5, E036112D912508B3, 36, 106, 0, 3.38,  (Infinity%),
01/11/2017 17:02:58.351345, 143, 2, GEN2, -5, E036112D912508B3, 15, 199, 0, 3.38,  (Infinity%),
01/11/2017 17:02:59.036303, 144, 2, GEN2, -5, E036112D912508B3, 21, 210, 0, 3.38,  (Infinity%),
01/11/2017 17:02:59.675609, 145, 2, GEN2, -5, E036112D912508B3, 25, 141, 0, 3.38,  (Infinity%),
01/11/2017 17:03:00.286797, 146, 2, GEN2, -5, E036112D912508B3, 20, 239, 0, 3.38,  (Infinity%),
01/11/2017 17:03:00.832957, 147, 2, GEN2, -5, E036112D912508B3, 18, 278, 0, 3.38,  (Infinity%),
01/11/2017 17:03:01.508470, 148, 2, GEN2, -5, E036112D912508B3, 21, 412, 0, 3.38,  (Infinity%),
01/11/2017 17:03:02.130533, 149, 2, GEN2, -5, E036112D912508B3, 40, 244, 0, 3.38,  (Infinity%),
01/11/2017 17:03:02.820331, 150, 2, GEN2, -5, E036112D912508B3, 37, 394, 0, 3.38,  (Infinity%),
01/11/2017 17:03:03.416469, 151, 2, GEN2, -5, E036112D912508B3, 12, 122, 0, 3.38,  (Infinity%),
01/11/2017 17:03:04.002528, 152, 2, GEN2, -5, E036112D912508B3, 25, 166, 0, 3.38,  (Infinity%),
01/11/2017 17:03:04.590294, 153, 2, GEN2, -5, E036112D912508B3, 33, 221, 0, 3.38,  (Infinity%),
01/11/2017 17:03:05.160591, 154, 2, GEN2, -5, E036112D912508B3, 8, 355, 0, 3.38,  (Infinity%),
01/11/2017 17:03:05.756291, 155, 2, GEN2, -5, E036112D912508B3, 15, 429, 0, 3.38,  (Infinity%),
01/11/2017 17:03:28.805077, 101, 1, GEN2, -5, E036112D912508B3, 34, 90, 0, 3.38,  (Infinity%),
01/11/2017 17:03:29.491120, 102, 1, GEN2, -5, E036112D912508B3, 15, 107, 0, 3.38,  (Infinity%),
01/11/2017 17:03:30.066616, 103, 1, GEN2, -5, E036112D912508B3, 36, 368, 0, 3.38,  (Infinity%),
01/11/2017 17:03:30.759581, 104, 1, GEN2, -5, E036112D912508B3, 38, 113, 0, 3.38,  (Infinity%),
01/11/2017 17:03:31.379370, 105, 1, GEN2, -5, E036112D912508B3, 11, 388, 0, 3.38,  (Infinity%),
01/11/2017 17:03:32.008630, 106, 1, GEN2, -5, E036112D912508B3, 18, 178, 0, 3.38,  (Infinity%),
01/11/2017 17:03:32.552820, 107, 1, GEN2, -5, E036112D912508B3, 16, 255, 0, 3.38,  (Infinity%),
01/11/2017 17:03:33.068364, 108, 1, GEN2, -5, E036112D912508B3, 38, 185, 0, 3.38,  (Infinity%),
01/11/2017 17:03:33.745775, 109, 1, GEN2, -5, E036112D912508B3, 14, 192, 0, 3.38,  (Infinity%),
01/11/2017 17:03:34.383347, 110, 1, GEN2, -5, E036112D912508B3, 3, 341, 0, 3.38,  (Infinity%),
01/11/2017 17:03:35.021167, 111, 1, GEN2, -5, E036112D912508B3, 38, 240, 0, 3.38,  (Infinity%),
01/11/2017 17:03:35.711270, 112, 1, GEN2, -5, E036112D912508B3, 34, 401, 0, 3.38,  (Infinity%),
01/11/2017 17:03:36.319032, 113, 1, GEN2, -5, E036112D912508B3, 21, 303, 0, 3.38,  (Infinity%),
01/11/2017 17:03:36.971975, 114, 1, GEN2, -5, E036112D912508B3, 19, 309, 0, 3.38,  (Infinity%),
01/11/2017 17:03:37.605575, 115, 1, GEN2, -5, E036112D912508B3, 18, 136, 0, 3.38,  (Infinity%),
01/11/2017 17:03:38.314451, 116, 1, GEN2, -5, E036112D912508B3, 38, 225, 0, 3.38,  (Infinity%),
01/11/2017 17:03:38.839451, 117, 1, GEN2, -5, E036112D912508B3, 14, 254, 0, 3.38,  (Infinity%),
01/11/2017 17:03:39.401534, 118, 1, GEN2, -5, E036112D912508B3, 22, 422, 0, 3.38,  (Infinity%),
01/11/2017 17:03:40.048772, 119, 1, GEN2, -5, E036112D912508B3, 5, 353, 0, 3.38,  (Infinity%),
01/11/2017 17:03:40.663657, 120, 1, GEN2, -5, E036112D912508B3, 21, 177, 0, 3.38,  (Infinity%),
01/11/2017 17:03:41.177297, 121, 1, GEN2, -5, E036112D912508B3, 7, 168, 0, 3.38,  (Infinity%),
01/11/2017 17:03:41.754134, 122, 1, GEN2, -5, E036112D912508B3, 33, 249, 0, 3.38,  (Infinity%),
01/11/2017 17:03:42.340838, 123, 1, GEN2, -5, E036112D912508B3, 23, 438, 0, 3.38,  (Infinity%),
01/11/2017 17:03:42.984336, 124, 1, GEN2, -5, E036112D912508B3, 24, 235, 0, 3.38,  (Infinity%),
01/11/2017 17:03:43.553043, 125, 1, GEN2, -5, E036112D912508B3, 24, 430, 0, 3.38,  (Infinity%),
01/11/2017 17:03:44.102197, 126, 1, GEN2, -5, E036112D912508B3, 16, 383, 0, 3.38,  (Infinity%),
01/11/2017 17:03:44.744997, 127, 1, GEN2, -5, E036112D912508B3, 16, 149, 0, 3.38,  (Infinity%),
01/11/2017 17:03:45.450109, 128, 1, GEN2, -5, E036112D912508B3, 37, 136, 0, 3.38,  (Infinity%),
01/11/2017 17:03:45.953468, 129, 2, GEN2, -5, E036112D912508B3, 36, 292, 0, 3.38,  (Infinity%),
01/11/2017 17:03:49.564000, 130, 2, GEN2, -5, E036112D912508B3, 19, 182, 0, 3.38,  (Infinity%),
01/11/2017 17:03:50.225832, 131, 2, GEN2, -5, E036112D912508B3, 22, 234, 0, 3.38,  (Infinity%),
01/11/2017 17:03:50.854188, 132, 2, GEN2, -5, E036112D912508B3, 14, 384, 0, 3.38,  (Infinity%),
01/11/2017 17:03:51.527700, 133, 2, GEN2, -5, E036112D912508B3, 31, 295, 0, 3.38,  (Infinity%),
01/11/2017 17:03:52.129802, 134, 2, GEN2, -5, E036112D912508B3, 16, 284, 0, 3.38,  (Infinity%),
01/11/2017 17:03:52.727251, 135, 2, GEN2, -5, E036112D912508B3, 16, 220, 0, 3.38,  (Infinity%),
01/11/2017 17:03:53.363170, 136, 2, GEN2, -5, E036112D912508B3, 22, 393, 0, 3.38,  (Infinity%),
01/11/2017 17:03:54.013550, 137, 2, GEN2, -5, E036112D912508B3, 12, 252, 0, 3.38,  (Infinity%),
01/11/2017 17:03:54.559664, 138, 2, GEN2, -5, E036112D912508B3, 22, 414, 0, 3.38,  (Infinity%),
01/11/2017 17:03:55.177277, 139, 2, GEN2, -5, E036112D912508B3, 3, 90, 0, 3.38,  (Infinity%),
01/11/2017 17:03:55.752586, 140, 2, GEN2, -5, E036112D912508B3, 3, 314, 0, 3.38,  (Infinity%),
01/11/2017 17:03:56.396032, 141, 2, GEN2, -5, E036112D912508B3, 25, 133, 0, 3.38,  (Infinity%),
01/11/2017 17:03:57.011253, 142, 2, GEN2, -5, E036112D912508B3, 29, 400, 0, 3.38,  (Infinity%),
01/11/2017 17:03:57.693376, 143, 2, GEN2, -5, E036112D912508B3, 17, 141, 0, 3.38,  (Infinity%),
01/11/2017 17:03:58.195023, 144, 2, GEN2, -5, E036112D912508B3, 18, 367, 0, 3.38,  (Infinity%),
01/11/2017 17:03:58.894782, 145, 2, GEN2, -5, E036112D912508B3, 27, 237, 0, 3.38,  (Infinity%),
01/11/2017 17:03:59.510642, 146, 2, GEN2, -5, E036112D912508B3, 25, 140, 0, 3.38,  (Infinity%),
01/11/2017 17:04:00.015519, 147, 2, GEN2, -5, E036112D912508B3, 3, 323, 0, 3.38,  (Infinity%),
01/11/2017 17:04:00.599119, 148, 2, GEN2, -5, E036112D912508B3, 16, 237, 0, 3.38,  (Infinity%),
01/11/2017 17:04:01.271634, 149, 2, GEN2, -5, E036112D912508B3, 24, 217, 0, 3.38,  (Infinity%),
01/11/2017 17:04:01.882353, 150, 2, GEN2, -5, E036112D912508B3, 11, 342, 0, 3.38,  (Infinity%),
01/11/2017 17:04:02.487579, 151, 2, GEN2, -5, E036112D912508B3, 34, 194, 0, 3.38,  (Infinity%),
01/11/2017 17:04:03.122854, 152, 2, GEN2, -5, E036112D912508B3, 35, 444, 0, 3.38,  (Infinity%),
01/11/2017 17:04:03.723751, 153, 2, GEN2, -5, E036112D912508B3, 7, 324, 0, 3.38,  (Infinity%),
01/11/2017 17:04:04.340571, 154, 2, GEN2, -5, E036112D912508B3, 28, 249, 0, 3.38,  (Infinity%),
01/11/2017 17:04:04.863090, 155, 2, GEN2, -5, E036112D912508B3, 2, 163, 0, 3.38,  (Infinity%),
01/11/2017 17:04:05.464809, 156, 2, GEN2, -5, E036112D912508B3, 36, 150, 0, 3.38,  (Infinity%),
01/11/2017 17:04:06.157989, 157, 2, GEN2, -5, E036112D912508B3, 24, 428, 0, 3.38,  (Infinity%),
01/11/2017 17:04:06.800098, 158, 2, GEN2, -5, E036112D912508B3, 25, 309, 0, 3.38,  (Infinity%),
01/11/2017 17:04:07.429246, 159, 2, GEN2, -5, E036112D912508B3, 36, 217, 0, 3.38,  (Infinity%),
01/11/2017 17:04:08.088401, 160, 2, GEN2, -5, E036112D912508B3, 6, 176, 0, 3.38,  (Infinity%),
01/11/2017 17:04:08.669168, 161, 2, GEN2, -5, E036112D912508B3, 17, 218, 0, 3.38,  (Infinity%),
01/11/2017 17:04:09.216591, 162, 2, GEN2, -5, E036112D912508B3, 28, 163, 0, 3.38,  (Infinity%),
01/11/2017 17:04:09.804080, 163, 3, GEN2, -5, E036112D912508B3, 4, 114, 0, 3.38,  (Infinity%),
01/11/2017 17:04:13.325207, 164, 3, GEN2, -5, E036112D912508B3, 16, 108, 0, 3.38,  (Infinity%),
01/11/2017 17:04:13.865558, 165, 3, GEN2, -5, E036112D912508B3, 39, 295, 0, 3.38,  (Infinity%),
01/11/2017 17:04:14.379959, 166, 3, GEN2, -5, E036112D912508B3, 38, 164, 0, 3.38,  (Infinity%),
01/11/2017 17:04:15.005717, 167, 3, GEN2, -5, E036112D912508B3, 12, 223, 0, 3.38,  (Infinity%),
01/11/2017 17:04:15.609078, 168, 3, GEN2, -5, E036112D912508B3, 32, 114, 0, 3.38,  (Infinity%),
01/11/2017 17:04:16.238524, 169, 3, GEN2, -5, E036112D912508B3, 20, 135, 0, 3.38,  (Infinity%),
01/11/2017 17:04:16.802920, 170, 3, GEN2, -5, E036112D912508B3, 2, 357, 0, 3.38,  (Infinity%),
01/11/2017 17:04:17.340858, 171, 3, GEN2, -5, E036112D912508B3, 35, 91, 0, 3.38,  (Infinity%),
01/11/2017 17:04:17.968779, 172, 3, GEN2, -5, E036112D912508B3, 3, 230, 0, 3.38,  (Infinity%),
01/11/2017 17:04:18.661696, 173, 3, GEN2, -5, E036112D912508B3, 27, 295, 0, 3.38,  (Infinity%),
01/11/2017 17:04:19.338311, 174, 3, GEN2, -5, E036112D912508B3, 27, 323, 0, 3.38,  (Infinity%),
01/11/2017 17:04:19.855534, 175, 3, GEN2, -5, E036112D912508B3, 8, 104, 0, 3.38,  (Infinity%),
01/11/2017 17:04:20.542522, 176, 3, GEN2, -5, E036112D912508B3, 6, 139, 0, 3.38,  (Infinity%),
01/11/2017 17:04:21.136128, 177, 3, GEN2, -5, E036112D912508B3, 10, 139, 0, 3.38,  (Infinity%),
01/11/2017 17:04:21.665903, 178, 3, GEN2, -5, E036112D912508B3, 31, 259, 0, 3.38,  (Infinity%),
01/11/2017 17:04:22.337086, 179, 3, GEN2, -5, E036112D912508B3, 2, 215, 0, 3.38,  (Infinity%),
01/11/2017 17:04:22.981036, 180, 3, GEN2, -5, E036112D912508B3, 2, 400, 0, 3.38,  (Infinity%),
01/11/2017 17:04:23.618863, 181, 3, GEN2, -5, E036112D912508B3, 26, 150, 0, 3.38,  (Infinity%),
01/11/2017 17:04:24.158443, 182, 3, GEN2, -5, E036112D912508B3, 33, 346, 0, 3.38,  (Infinity%),
01/11/2017 17:04:24.672489, 183, 3, GEN2, -5, E036112D912508B3, 22, 145, 0, 3.38,  (Infinity%),
01/11/2017 17:04:25.323725, 184, 3, GEN2, -5, E036112D912508B3, 25, 375, 0, 3.38,  (Infinity%),
01/11/2017 17:04:26.022527, 185, 1, GEN2, -5, E036112D912508B3, 31, 420, 0, 3.38,  (Infinity%),
01/11/2017 17:04:29.713413, 186, 1, GEN2, -5, E036112D912508B3, 21, 424, 0, 3.38,  (Infinity%),
01/11/2017 17:04:30.309260, 187, 1, GEN2, -5, E036112D912508B3, 32, 414, 0, 3.38,  (Infinity%),
01/11/2017 17:04:30.915515, 188, 1, GEN2, -5, E036112D912508B3, 10, 251, 0, 3.38,  (Infinity%),
01/11/2017 17:04:31.563434, 189, 1, GEN2, -5, E036112D912508B3, 2, 219, 0, 3.38,  (Infinity%),
01/11/2017 17:04:32.245641, 190, 1, GEN2, -5, E036112D912508B3, 37, 414, 0, 3.38,  (Infinity%),
01/11/2017 17:04:32.793255, 191, 1, GEN2, -5, E036112D912508B3, 14, 302, 0, 3.38,  (Infinity%),
01/11/2017 17:04:33.450741, 192, 1, GEN2, -5, E036112D912508B3, 34, 179, 0, 3.38,  (Infinity%),
01/11/2017 17:04:34.069758, 193, 1, GEN2, -5, E036112D912508B3, 3, 385, 0, 3.38,  (Infinity%),
01/11/2017 17:04:34.686625, 194, 1, GEN2, -5, E036112D912508B3, 37, 97, 0, 3.38,  (Infinity%),
01/11/2017 17:04:35.213711, 195, 1, GEN2, -5, E036112D912508B3, 2, 256, 0, 3.38,  (Infinity%),
01/11/2017 17:04:35.878566, 196, 1, GEN2, -5, E036112D912508B3, 37, 368, 0, 3.38,  (Infinity%),
01/11/2017 17:04:36.522522, 197, 1, GEN2, -5, E036112D912508B3, 19, 212, 0, 3.38,  (Infinity%),
01/11/2017 17:04:37.096872, 198, 1, GEN2, -5, E036112D912508B3, 40, 407, 0, 3.38,  (Infinity%),
01/11/2017 17:04:37.745518, 199, 1, GEN2, -5, E036112D912508B3, 35, 389, 0, 3.38,  (Infinity%),
01/11/2017 17:04:38.423216, 200, 1, GEN2, -5, E036112D912508B3, 3, 246, 0, 3.38,  (Infinity%),
01/11/2017 17:04:39.050796, 201, 1, GEN2, -5, E036112D912508B3, 31, 353, 0, 3.38,  (Infinity%),
01/11/2017 17:04:39.641192, 202, 1, GEN2, -5, E036112D912508B3, 20, 261, 0, 3.38,  (Infinity%),
01/11/2017 17:04:40.224193, 203, 1, GEN2, -5, E036112D912508B3, 2, 403, 0, 3.38,  (Infinity%),
01/11/2017 17:04:40.917251, 204, 1, GEN2, -5, E036112D912508B3, 27, 97, 0, 3.38,  (Infinity%),
01/11/2017 17:04:41.560822, 205, 1, GEN2, -5, E036112D912508B3, 11, 235, 0, 3.38,  (Infinity%),
01/11/2017 17:04:42.150193, 206, 1, GEN2, -5, E036112D912508B3, 3, 287, 0, 3.38,  (Infinity%),
01/11/2017 17:04:42.802727, 207, 1, GEN2, -5, E036112D912508B3, 30, 133, 0, 3.38,  (Infinity%),
01/11/2017 17:04:43.441122, 208, 1, GEN2, -5, E036112D912508B3, 36, 295, 0, 3.38,  (Infinity%),
01/11/2017 17:04:44.094516, 209, 1, GEN2, -5, E036112D912508B3, 25, 223, 0, 3.38,  (Infinity%),
01/11/2017 17:04:44.692484, 210, 1, GEN2, -5, E036112D912508B3, 23, 306, 0, 3.38,  (Infinity%),
01/11/2017 17:04:45.198885, 211, 1, GEN2, -5, E036112D912508B3, 25, 212, 0, 3.38,  (Infinity%),
01/11/2017 17:04:45.874194, 212, 1, GEN2, -5, E036112D912508B3, 25, 175, 0, 3.38,  (Infinity%),
01/11/2017 17:04:46.571587, 213, 1, GEN2, -5, E036112D912508B3, 29, 150, 0, 3.38,  (Infinity%),
01/11/2017 17:04:47.112083, 214, 1, GEN2, -5, E036112D912508B3, 39, 431, 0, 3.38,  (Infinity%),
01/11/2017 17:04:47.765800, 215, 1, GEN2, -5, E036112D912508B3, 4, 128, 0, 3.38,  (Infinity%),
01/11/2017 17:04:48.443772, 216, 1, GEN2, -5, E036112D912508B3, 21, 154, 0, 3.38,  (Infinity%),
01/11/2017 17:04:48.949444, 217, 1, GEN2, -5, E036112D912508B3, 29, 135, 0, 3.38,  (Infinity%),
01/11/2017 17:04:49.507672, 218, 1, GEN2, -5, E036112D912508B3, 19, 345, 0, 3.38,  (Infinity%),
01/11/2017 17:04:50.130016, 219, 2, GEN2, -5, E036112D912508B3, 14, 391, 0, 3.38,  (Infinity%),
01/11/2017 17:04:53.788648, 220, 2, GEN2, -5, E036112D912508B3, 21, 251, 0, 3.38,  (Infinity%),
01/11/2017 17:04:54.445725, 221, 2, GEN2, -5, E036112D912508B3, 11, 224, 0, 3.38,  (Infinity%),
01/11/2017 17:04:55.007796, 222, 2, GEN2, -5, E036112D912508B3, 39, 291, 0, 3.38,  (Infinity%),
01/11/2017 17:04:55.615038, 223, 2, GEN2, -5, E036112D912508B3, 17, 254, 0, 3.38,  (Infinity%),
01/11/2017 17:04:56.263506, 224, 2, GEN2, -5, E036112D912508B3, 8, 149, 0, 3.38,  (Infinity%),
01/11/2017 17:04:56.878331, 225, 2, GEN2, -5, E036112D912508B3, 32, 415, 0, 3.38,  (Infinity%),
01/11/2017 17:04:57.390202, 226, 2, GEN2, -5, E036112D912508B3, 23, 293, 0, 3.38,  (Infinity%),
01/11/2017 17:04:58.063594, 227, 2, GEN2, -5, E036112D912508B3, 2, 409, 0, 3.38,  (Infinity%),
01/11/2017 17:04:58.683862, 228, 2, GEN2, -5, E036112D912508B3, 11, 190, 0, 3.38,  (Infinity%),
01/11/2017 17:04:59.235311, 229, 2, GEN2, -5, E036112D912508B3, 18, 100, 0, 3.38,  (Infinity%),
01/11/2017 17:04:59.784408, 230, 2, GEN2, -5, E036112D912508B3, 3, 265, 0, 3.38,  (Infinity%),
01/11/2017 17:05:00.287416, 231, 2, GEN2, -5, E036112D912508B3, 32, 430, 0, 3.38,  (Infinity%),
01/11/2017 17:05:00.975813, 232, 2, GEN2, -5, E036112D912508B3, 10, 428, 0, 3.38,  (Infinity%),
01/11/2017 17:05:01.530928, 233, 2, GEN2, -5, E036112D912508B3, 8, 271, 0, 3.38,  (Infinity%),
01/11/2017 17:05:02.137386, 234, 2, GEN2, -5, E036112D912508B3, 37, 192, 0, 3.38,  (Infinity%),
01/11/2017 17:05:02.770329, 235, 2, GEN2, -5, E036112D912508B3, 6, 347, 0, 3.38,  (Infinity%),
01/11/2017 17:05:03.323257, 236, 2, GEN2, -5, E036112D912508B3, 9, 144, 0, 3.38,  (Infinity%),
01/11/2017 17:05:03.998437, 237, 2, GEN2, -5, E036112D912508B3, 38, 237, 0, 3.38,  (Infinity%),
01/11/2017 17:05:04.580908, 238, 2, GEN2, -5, E036112D912508B3, 19, 371, 0, 3.38,  (Infinity%),
01/11/2017 17:05:05.205384, 239, 2, GEN2, -5, E036112D912508B3, 20, 127, 0, 3.38,  (Infinity%),
01/11/2017 17:05:05.872339, 240, 2, GEN2, -5, E036112D912508B3, 5, 176, 0, 3.38,  (Infinity%),
01/11/2017 17:05:06.447703, 241, 3, GEN2, -5, E036112D912508B3, 6, 126, 0, 3.38,  (Infinity%),
01/11/2017 17:05:10.111397, 242, 3, GEN2, -5, E036112D912508B3, 39, 322, 0, 3.38,  (Infinity%),
01/11/2017 17:05:10.801674, 243, 3, GEN2, -5, E036112D912508B3, 19, 112, 0, 3.38,  (Infinity%),
01/11/2017 17:05:11.458589, 244, 3, GEN2, -5, E036112D912508B3, 21, 160, 0, 3.38,  (Infinity%),
01/11/2017 17:05:11.978192, 245, 3, GEN2, -5, E036112D912508B3, 2, 152, 0, 3.38,  (Infinity%),
01/11/2017 17:05:12.586384, 246, 3, GEN2, -5, E036112D912508B3, 24, 366, 0, 3.38,  (Infinity%),
01/11/2017 17:05:13.186150, 247, 3, GEN2, -5, E036112D912508B3, 30, 271, 0, 3.38,  (Infinity%),
01/11/2017 17:05:13.780325, 248, 3, GEN2, -5, E036112D912508B3, 38, 352, 0, 3.38,  (Infinity%),
01/11/2017 17:05:14.426223, 249, 3, GEN2, -5, E036112D912508B3, 30, 106, 0, 3.38,  (Infinity%),
01/11/2017 17:05:14.932047, 250, 3, GEN2, -5, E036112D912508B3, 5, 132, 0, 3.38,  (Infinity%),
01/11/2017 17:05:15.609171, 251, 3, GEN2, -5, E036112D912508B3, 21, 107, 0, 3.38,  (Infinity%),
01/11/2017 17:05:16.128880, 252, 3, GEN2, -5, E036112D912508B3, 29, 216, 0, 3.38,  (Infinity%),
01/11/2017 17:05:16.668088, 253, 3, GEN2, -5, E036112D912508B3, 2, 183, 0, 3.38,  (Infinity%),
01/11/2017 17:05:17.281742, 254, 3, GEN2, -5, E036112D912508B3, 19, 339, 0, 3.38,  (Infinity%),
01/11/2017 17:05:17.808794, 255, 3, GEN2, -5, E036112D912508B3, 6, 189, 0, 3.38,  (Infinity%),
01/11/2017 17:05:18.351924, 256, 3, GEN2, -5, E036112D912508B3, 31, 216, 0, 3.38,  (Infinity%),
01/11/2017 17:05:18.901661, 257, 3, GEN2, -5, E036112D912508B3, 27, 398, 0, 3.38,  (Infinity%),
01/11/2017 17:05:19.571364, 258, 3, GEN2, -5, E036112D912508B3, 12, 159, 0, 3.38,  (Infinity%),
01/11/2017 17:05:20.198823, 259, 3, GEN2, -5, E036112D912508B3, 9, 402, 0, 3.38,  (Infinity%),
01/11/2017 17:05:20.752453, 260, 3, GEN2, -5, E036112D912508B3, 22, 273, 0, 3.38,  (Infinity%),
01/11/2017 17:05:21.365604, 261, 1, GEN2, -5, E036112D912508B3, 21, 279, 0, 3.38,  (Infinity%),
01/11/2017 17:05:24.924731, 262, 1, GEN2, -5, E036112D912508B3, 11, 171, 0, 3.38,  (Infinity%),
01/11/2017 17:05:25.602619, 263, 1, GEN2, -5, E036112D912508B3, 39, 414, 0, 3.38,  (Infinity%),
01/11/2017 17:05:26.182015, 264, 1, GEN2, -5, E036112D912508B3, 27, 401, 0, 3.38,  (Infinity%),
01/11/2017 17:05:26.844991, 265, 1, GEN2, -5, E036112D912508B3, 19, 195, 0, 3.38,  (Infinity%),
01/11/2017 17:05:27.469762, 266, 1, GEN2, -5, E036112D912508B3, 6, 214, 0, 3.38,  (Infinity%),
01/11/2017 17:05:28.052314, 267, 1, GEN2, -5, E036112D912508B3, 7, 411, 0, 3.38,  (Infinity%),
01/11/2017 17:05:28.690458, 268, 1, GEN2, -5, E036112D912508B3, 14, 236, 0, 3.38,  (Infinity%),
01/11/2017 17:05:29.290436, 269, 1, GEN2, -5, E036112D912508B3, 32, 134, 0, 3.38,  (Infinity%),
01/11/2017 17:05:29.877806, 270, 1, GEN2, -5, E036112D912508B3, 27, 178, 0, 3.38,  (Infinity%),
01/11/2017 17:05:30.384894, 271, 1, GEN2, -5, E036112D912508B3, 20, 107, 0, 3.38,  (Infinity%),
01/11/2017 17:05:30.937311, 272, 1, GEN2, -5, E036112D912508B3, 22, 292, 0, 3.38,  (Infinity%),
01/11/2017 17:05:31.440970, 273, 1, GEN2, -5, E036112D912508B3, 19, 351, 0, 3.38,  (Infinity%),
01/11/2017 17:05:32.008258, 274, 1, GEN2, -5, E036112D912508B3, 35, 123, 0, 3.38,  (Infinity%),
01/11/2017 17:05:32.653209, 275, 1, GEN2, -5, E036112D912508B3, 14, 425, 0, 3.38,  (Infinity%),
01/11/2017 17:05:33.241529, 276, 1, GEN2, -5, E036112D912508B3, 36, 175, 0, 3.38,  (Infinity%),
01/11/2017 17:05:33.933634, 277, 1, GEN2, -5, E036112D912508B3, 21, 218, 0, 3.38,  (Infinity%),
01/11/2017 17:05:34.512116, 278, 1, GEN2, -5, E036112D912508B3, 37, 202, 0, 3.38,  (Infinity%),
01/11/2017 17:05:35.182462, 279, 1, GEN2, -5, E036112D912508B3, 39, 390, 0, 3.38,  (Infinity%),
01/11/2017 17:05:35.685885, 280, 1, GEN2, -5, E036112D912508B3, 7, 304, 0, 3.38,  (Infinity%),
01/11/2017 17:05:36.294574, 281, 1, GEN2, -5, E036112D912508B3, 40, 381, 0, 3.38,  (Infinity%),
01/11/2017 17:05:36.960140, 282, 1, GEN2, -5, E036112D912508B3, 35, 405, 0, 3.38,  (Infinity%),
01/11/2017 17:05:37.618491, 283, 1, GEN2, -5, E036112D912508B3, 20, 351, 0, 3.38,  (Infinity%),
01/11/2017 17:05:38.203673, 284, 1, GEN2, -5, E036112D912508B3, 5, 136, 0, 3.38,  (Infinity%),
01/11/2017 17:05:38.874146, 285, 1, GEN2, -5, E036112D912508B3, 40, 432, 0, 3.38,  (Infinity%),
01/11/2017 17:05:39.472535, 286, 1, GEN2, -5, E036112D912508B3, 8, 309, 0, 3.38,  (Infinity%),
01/11/2017 17:05:40.012387, 287, 1, GEN2, -5, E036112D912508B3, 35, 123, 0, 3.38,  (Infinity%),
01/11/2017 17:05:40.541111, 288, 2, GEN2, -5, E036112D912508B3, 12, 270, 0, 3.38,  (Infinity%),
01/11/2017 17:05:44.244214, 289, 2, GEN2, -5, E036112D912508B3, 21, 230, 0, 3.38,  (Infinity%),
01/11/2017 17:05:44.895861, 290, 2, GEN2, -5, E036112D912508B3, 12, 272, 0, 3.38,  (Infinity%),
01/11/2017 17:05:45.570767, 291, 2, GEN2, -5, E036112D912508B3, 10, 349, 0, 3.38,  (Infinity%),
01/11/2017 17:05:46.191065, 292, 2, GEN2, -5, E036112D912508B3, 24, 396, 0, 3.38,  (Infinity%),
01/11/2017 17:05:46.730353, 293, 2, GEN2, -5, E036112D912508B3, 26, 443, 0, 3.38,  (Infinity%),
01/11/2017 17:05:47.400596, 294, 2, GEN2, -5, E036112D912508B3, 12, 263, 0, 3.38,  (Infinity%),
01/11/2017 17:05:48.087241, 295, 2, GEN2, -5, E036112D912508B3, 30, 450, 0, 3.38,  (Infinity%),
01/11/2017 17:05:48.687657, 296, 2, GEN2, -5, E036112D912508B3, 7, 370, 0, 3.38,  (Infinity%),
01/11/2017 17:05:49.317054, 297, 2, GEN2, -5, E036112D912508B3, 22, 341, 0, 3.38,  (Infinity%),
01/11/2017 17:05:49.911723, 298, 2, GEN2, -5, E036112D912508B3, 28, 330, 0, 3.38,  (Infinity%),
01/11/2017 17:05:50.488450, 299, 2, GEN2, -5, E036112D912508B3, 15, 165, 0, 3.38,  (Infinity%),
01/11/2017 17:05:51.096959, 300, 2, GEN2, -5, E036112D912508B3, 22, 406, 0, 3.38,  (Infinity%),
01/11/2017 17:05:51.776216, 301, 2, GEN2, -5, E036112D912508B3, 13, 203, 0, 3.38,  (Infinity%),
01/11/2017 17:05:52.415534, 302, 2, GEN2, -5, E036112D912508B3, 23, 266, 0, 3.38,  (Infinity%),
01/11/2017 17:05:53.090536, 303, 2, GEN2, -5, E036112D912508B3, 33, 428, 0, 3.38,  (Infinity%),
01/11/2017 17:05:53.638586, 304, 2, GEN2, -5, E036112D912508B3, 23, 372, 0, 3.38,  (Infinity%),
01/11/2017 17:05:54.187349, 305, 2, GEN2, -5, E036112D912508B3, 36, 331, 0, 3.38,  (Infinity%),
01/11/2017 17:05:54.803226, 306, 2, GEN2, -5, E036112D912508B3, 35, 294, 0, 3.38,  (Infinity%),
01/11/2017 17:05:55.339571, 307, 2, GEN2, -5, E036112D912508B3, 39, 394, 0, 3.38,  (Infinity%),
01/11/2017 17:05:55.874237, 308, 2, GEN2, -5, E036112D912508B3, 14, 135, 0, 3.38,  (Infinity%),
01/11/2017 17:05:56.539553, 309, 2, GEN2, -5, E036112D912508B3, 22, 140, 0, 3.38,  (Infinity%),
01/11/2017 17:05:57.055613, 310, 2, GEN2, -5, E036112D912508B3, 9, 115, 0, 3.38,  (Infinity%),
01/11/2017 17:05:57.751326, 311, 2, GEN2, -5, E036112D912508B3, 22, 135, 0, 3.38,  (Infinity%),
01/11/2017 17:05:58.374482, 312, 2, GEN2, -5, E036112D912508B3, 6, 162, 0, 3.38,  (Infinity%),
01/11/2017 17:06:17.434733, 101, 1, GEN2, -5, E036112D912508B3, 33, 333, 0, 3.38,  (Infinity%),
01/11/2017 17:06:18.103542, 102, 1, GEN2, -5, E036112D912508B3, 13, 97, 0, 3.38,  (Infinity%),
01/11/2017 17:06:18.770893, 103, 1, GEN2, -5, E036112D912508B3, 5, 388, 0, 3.38,  (Infinity%),
01/11/2017 17:06:19.344108, 104, 1, GEN2, -5, E036112D912508B3, 3, 329, 0, 3.38,  (Infinity%),
01/11/2017 17:06:19.988811, 105, 1, GEN2, -5, E036112D912508B3, 29, 222, 0, 3.38,  (Infinity%),
01/11/2017 17:06:20.567412, 106, 1, GEN2, -5, E036112D912508B3, 37, 111, 0, 3.38,  (Infinity%),
01/11/2017 17:06:21.101534, 107, 1, GEN2, -5, E036112D912508B3, 4, 122, 0, 3.38,  (Infinity%),
01/11/2017 17:06:21.704122, 108, 1, GEN2, -5, E036112D912508B3, 30, 230, 0, 3.38,  (Infinity%),
01/11/2017 17:06:22.327552, 109, 1, GEN2, -5, E036112D912508B3, 17, 289, 0, 3.38,  (Infinity%),
01/11/2017 17:06:22.928249, 110, 1, GEN2, -5, E036112D912508B3, 31, 354, 0, 3.38,  (Infinity%),
01/11/2017 17:06:23.607557, 111, 1, GEN2, -5, E036112D912508B3, 40, 95, 0, 3.38,  (Infinity%),
01/11/2017 17:06:24.226365, 112, 1, GEN2, -5, E036112D912508B3, 27, 277, 0, 3.38,  (Infinity%),
01/11/2017 17:06:24.727828, 113, 1, GEN2, -5, E036112D912508B3, 22, 161, 0, 3.38,  (Infinity%),
01/11/2017 17:06:25.328661, 114, 1, GEN2, -5, E036112D912508B3, 9, 127, 0, 3.38,  (Infinity%),
01/11/2017 17:06:26.027140, 115, 1, GEN2, -5, E036112D912508B3, 16, 432, 0, 3.38,  (Infinity%),
01/11/2017 17:06:26.706385, 116, 1, GEN2, -5, E036112D912508B3, 33, 255, 0, 3.38,  (Infinity%),
01/11/2017 17:06:27.305436, 117, 1, GEN2, -5, E036112D912508B3, 37, 274, 0, 3.38,  (Infinity%),
01/11/2017 17:06:27.826452, 118, 1, GEN2, -5, E036112D912508B3, 6, 367, 0, 3.38,  (Infinity%),
01/11/2017 17:06:28.415459, 119, 1, GEN2, -5, E036112D912508B3, 2, 91, 0, 3.38,  (Infinity%),
01/11/2017 17:06:28.954750, 120, 1, GEN2, -5, E036112D912508B3, 14, 226, 0, 3.38,  (Infinity%),
01/11/2017 17:06:29.600894, 121, 1, GEN2, -5, E036112D912508B3, 9, 181, 0, 3.38,  (Infinity%),
01/11/2017 17:06:30.261217, 122, 1, GEN2, -5, E036112D912508B3, 5, 172, 0, 3.38,  (Infinity%),
01/11/2017 17:06:30.917028, 123, 1, GEN2, -5, E036112D912508B3, 4, 406, 0, 3.38,  (Infinity%),
01/11/2017 17:06:31.553960, 124, 1, GEN2, -5, E036112D912508B3, 28, 383, 0, 3.38,  (Infinity%),
01/11/2017 17:06:32.126599, 125, 1, GEN2, -5, E036112D912508B3, 25, 191, 0, 3.38,  (Infinity%),
01/11/2017 17:06:32.732172, 126, 2, GEN2, -5, E036112D912508B3, 12, 297, 0, 3.38,  (Infinity%),
01/11/2017 17:06:36.253817, 127, 2, GEN2, -5, E036112D912508B3, 34, 376, 0, 3.38,  (Infinity%),
01/11/2017 17:06:36.951066, 128, 2, GEN2, -5, E036112D912508B3, 10, 242, 0, 3.38,  (Infinity%),
01/11/2017 17:06:37.601318, 129, 2, GEN2, -5, E036112D912508B3, 22, 284, 0, 3.38,  (Infinity%),
01/11/2017 17:06:38.291582, 130, 2, GEN2, -5, E036112D912508B3, 4, 198, 0, 3.38,  (Infinity%),
01/11/2017 17:06:38.860022, 131, 2, GEN2, -5, E036112D912508B3, 24, 173, 0, 3.38,  (Infinity%),
01/11/2017 17:06:39.442759, 132, 2, GEN2, -5, E036112D912508B3, 9, 437, 0, 3.38,  (Infinity%),
01/11/2017 17:06:40.124147, 133, 2, GEN2, -5, E036112D912508B3, 34, 299, 0, 3.38,  (Infinity%),
01/11/2017 17:06:40.686215, 134, 2, GEN2, -5, E036112D912508B3, 38, 222, 0, 3.38,  (Infinity%),
01/11/2017 17:06:41.340456, 135, 2, GEN2, -5, E036112D912508B3, 28, 297, 0, 3.38,  (Infinity%),
01/11/2017 17:06:41.897639, 136, 2, GEN2, -5, E036112D912508B3, 6, 325, 0, 3.38,  (Infinity%),
01/11/2017 17:06:42.545219, 137, 2, GEN2, -5, E036112D912508B3, 17, 448, 0, 3.38,  (Infinity%),
01/11/2017 17:06:43.247276, 138, 2, GEN2, -5, E036112D912508B3, 21, 103, 0, 3.38,  (Infinity%),
01/11/2017 17:06:43.890873, 139, 2, GEN2, -5, E036112D912508B3, 19, 257, 0, 3.38,  (Infinity%),
01/11/2017 17:06:44.592175, 140, 2, GEN2, -5, E036112D912508B3, 11, 407, 0, 3.38,  (Infinity%),
01/11/2017 17:06:45.133785, 141, 2, GEN2, -5, E036112D912508B3, 18, 95, 0, 3.38,  (Infinity%),
01/11/2017 17:06:45.742958, 142, 2, GEN2, -5, E036112D912508B3, 32, 252, 0, 3.38,  (Infinity%),
01/11/2017 17:06:46.412076, 143, 2, GEN2, -5, E036112D912508B3, 23, 311, 0, 3.38,  (Infinity%),
01/11/2017 17:06:46.912939, 144, 2, GEN2, -5, E036112D912508B3, 30, 293, 0, 3.38,  (Infinity%),
01/11/2017 17:06:47.491375, 145, 2, GEN2, -5, E036112D912508B3, 27, 193, 0, 3.38,  (Infinity%),
01/11/2017 17:06:48.031338, 146, 2, GEN2, -5, E036112D912508B3, 5, 342, 0, 3.38,  (Infinity%),
01/11/2017 17:06:48.547359, 147, 2, GEN2, -5, E036112D912508B3, 37, 373, 0, 3.38,  (Infinity%),
01/11/2017 17:06:49.117130, 148, 2, GEN2, -5, E036112D912508B3, 6, 205, 0, 3.38,  (Infinity%),
01/11/2017 17:06:49.649516, 149, 2, GEN2, -5, E036112D912508B3, 26, 258, 0, 3.38,  (Infinity%),
01/11/2017 17:21:16.495306, 101, 1, GEN2, -5, E036112D912508B3, 32, 248, 0, 3.38,  (Infinity%),
01/11/2017 17:21:17.082879, 102, 1, GEN2, -5, E036112D912508B3, 13, 124, 0, 3.38,  (Infinity%),
01/11/2017 17:21:17.623698, 103, 1, GEN2, -5, E036112D912508B3, 21, 277, 0, 3.38,  (Infinity%),
01/11/2017 17:21:18.324832, 104, 1, GEN2, -5, E036112D912508B3, 39, 158, 0, 3.38,  (Infinity%),
01/11/2017 17:21:18.843984, 105, 1, GEN2, -5, E036112D912508B3, 9, 296, 0, 3.38,  (Infinity%),
01/11/2017 17:21:19.345618, 106, 1, GEN2, -5, E036112D912508B3, 15, 436, 0, 3.38,  (Infinity%),
01/11/2017 17:21:19.864357, 107, 1, GEN2, -5, E036112D912508B3, 5, 122, 0, 3.38,  (Infinity%),
01/11/2017 17:21:20.404575, 108, 1, GEN2, -5, E036112D912508B3, 34, 139, 0, 3.38,  (Infinity%),
01/11/2017 17:21:21.073936, 109, 1, GEN2, -5, E036112D912508B3, 23, 112, 0, 3.38,  (Infinity%),
01/11/2017 17:21:21.643066, 110, 1, GEN2, -5, E036112D912508B3, 29, 390, 0, 3.38,  (Infinity%),
01/11/2017 17:21:22.222045, 111, 1, GEN2, -5, E036112D912508B3, 28, 435, 0, 3.38,  (Infinity%),
01/11/2017 17:21:22.799859, 112, 1, GEN2, -5, E036112D912508B3, 11, 355, 0, 3.38,  (Infinity%),
01/11/2017 17:21:23.318299, 113, 1, GEN2, -5, E036112D912508B3, 22, 194, 0, 3.38,  (Infinity%),
01/11/2017 17:21:23.844461, 114, 1, GEN2, -5, E036112D912508B3, 30, 222, 0, 3.38,  (Infinity%),
01/11/2017 17:21:24.499194, 115, 1, GEN2, -5, E036112D912508B3, 32, 166, 0, 3.38,  (Infinity%),
01/11/2017 17:21:25.046037, 116, 1, GEN2, -5, E036112D912508B3, 18, 405, 0, 3.38,  (Infinity%),
01/11/2017 17:21:25.618066, 117, 1, GEN2, -5, E036112D912508B3, 8, 289, 0, 3.38,  (Infinity%),
01/11/2017 17:21:26.249977, 118, 1, GEN2, -5, E036112D912508B3, 7, 194, 0, 3.38,  (Infinity%),
01/11/2017 17:21:26.787951, 119, 1, GEN2, -5, E036112D912508B3, 35, 266, 0, 3.38,  (Infinity%),
01/11/2017 17:21:27.351507, 120, 1, GEN2, -5, E036112D912508B3, 25, 187, 0, 3.38,  (Infinity%),
01/11/2017 17:21:27.963306, 121, 1, GEN2, -5, E036112D912508B3, 21, 170, 0, 3.38,  (Infinity%),
01/11/2017 17:21:28.640393, 122, 1, GEN2, -5, E036112D912508B3, 37, 165, 0, 3.38,  (Infinity%),
01/11/2017 17:21:29.207468, 123, 1, GEN2, -5, E036112D912508B3, 33, 96, 0, 3.38,  (Infinity%),
01/11/2017 17:21:29.810291, 124, 1, GEN2, -5, E036112D912508B3, 6, 121, 0, 3.38,  (Infinity%),
01/11/2017 17:21:30.451152, 125, 1, GEN2, -5, E036112D912508B3, 15, 354, 0, 3.38,  (Infinity%),
01/11/2017 17:21:30.980516, 126, 2, GEN2, -5, E036112D912508B3, 15, 274, 0, 3.38,  (Infinity%),
01/11/2017 17:21:34.643886, 127, 2, GEN2, -5, E036112D912508B3, 40, 197, 0, 3.38,  (Infinity%),
01/11/2017 17:21:35.171240, 128, 2, GEN2, -5, E036112D912508B3, 24, 448, 0, 3.38,  (Infinity%),
01/11/2017 17:21:35.771112, 129, 2, GEN2, -5, E036112D912508B3, 36, 365, 0, 3.38,  (Infinity%),
01/11/2017 17:21:36.461983, 130, 2, GEN2, -5, E036112D912508B3, 9, 277, 0, 3.38,  (Infinity%),
01/11/2017 17:21:37.002559, 131, 2, GEN2, -5, E036112D912508B3, 30, 380, 0, 3.38,  (Infinity%),
01/11/2017 17:21:37.662480, 132, 2, GEN2, -5, E036112D912508B3, 16, 113, 0, 3.38,  (Infinity%),
01/11/2017 17:21:38.244550, 133, 2, GEN2, -5, E036112D912508B3, 35, 137, 0, 3.38,  (Infinity%),
01/11/2017 17:21:38.929276, 134, 2, GEN2, -5, E036112D912508B3, 38, 245, 0, 3.38,  (Infinity%),
01/11/2017 17:21:39.556653, 135, 2, GEN2, -5, E036112D912508B3, 35, 372, 0, 3.38,  (Infinity%),
01/11/2017 17:21:40.108202, 136, 2, GEN2, -5, E036112D912508B3, 31, 257, 0, 3.38,  (Infinity%),
01/11/2017 17:21:40.753151, 137, 2, GEN2, -5, E036112D912508B3, 27, 294, 0, 3.38,  (Infinity%),
01/11/2017 17:21:41.411851, 138, 2, GEN2, -5, E036112D912508B3, 16, 149, 0, 3.38,  (Infinity%),
01/11/2017 17:21:42.025831, 139, 2, GEN2, -5, E036112D912508B3, 35, 167, 0, 3.38,  (Infinity%),
01/11/2017 17:21:42.614587, 140, 2, GEN2, -5, E036112D912508B3, 8, 423, 0, 3.38,  (Infinity%),
01/11/2017 17:21:43.279997, 141, 2, GEN2, -5, E036112D912508B3, 33, 107, 0, 3.38,  (Infinity%),
01/11/2017 17:21:43.942898, 142, 2, GEN2, -5, E036112D912508B3, 20, 330, 0, 3.38,  (Infinity%),
01/11/2017 17:21:44.523062, 143, 2, GEN2, -5, E036112D912508B3, 20, 126, 0, 3.38,  (Infinity%),
01/11/2017 17:21:45.081394, 144, 2, GEN2, -5, E036112D912508B3, 33, 180, 0, 3.38,  (Infinity%),
01/11/2017 17:21:45.616087, 145, 2, GEN2, -5, E036112D912508B3, 17, 247, 0, 3.38,  (Infinity%),
01/11/2017 17:21:46.293679, 146, 2, GEN2, -5, E036112D912508B3, 11, 252, 0, 3.38,  (Infinity%),
01/11/2017 17:21:46.988003, 147, 2, GEN2, -5, E036112D912508B3, 25, 395, 0, 3.38,  (Infinity%),
01/11/2017 17:21:47.717493, 148, 2, GEN2, -5, E036112D912508B3, 22, 298, 0, 3.38,  (Infinity%),
01/11/2017 17:21:48.233817, 149, 2, GEN2, -5, E036112D912508B3, 40, 362, 0, 3.38,  (Infinity%),
01/11/2017 17:21:48.761918, 150, 2, GEN2, -5, E036112D912508B3, 4, 156, 0, 3.38,  (Infinity%),
01/11/2017 17:21:49.384874, 151, 2, GEN2, -5, E036112D912508B3, 40, 266, 0, 3.38,  (Infinity%),
01/11/2017 17:21:49.904699, 152, 2, GEN2, -5, E036112D912508B3, 7, 373, 0, 3.38,  (Infinity%),
01/11/2017 17:21:50.503232, 153, 2, GEN2, -5, E036112D912508B3, 12, 93, 0, 3.38,  (Infinity%),
01/11/2017 17:21:51.182372, 154, 2, GEN2, -5, E036112D912508B3, 7, 275, 0, 3.38,  (Infinity%),
01/11/2017 17:21:51.826675, 155, 3, GEN2, -5, E036112D912508B3, 38, 255, 0, 3.38,  (Infinity%),
01/11/2017 17:21:55.352268, 156, 3, GEN2, -5, E036112D912508B3, 15, 302, 0, 3.38,  (Infinity%),
01/11/2017 17:21:55.970766, 157, 3, GEN2, -5, E036112D912508B3, 25, 193, 0, 3.38,  (Infinity%),
01/11/2017 17:21:56.594621, 158, 3, GEN2, -5, E036112D912508B3, 37, 300, 0, 3.38,  (Infinity%),
01/11/2017 17:21:57.117452, 159, 3, GEN2, -5, E036112D912508B3, 3, 349, 0, 3.38,  (Infinity%),
01/11/2017 17:21:57.756399, 160, 3, GEN2, -5, E036112D912508B3, 9, 232, 0, 3.38,  (Infinity%),
01/11/2017 17:21:58.321395, 161, 3, GEN2, -5, E036112D912508B3, 26, 375, 0, 3.38,  (Infinity%),
01/11/2017 17:22:48.558338, 101, 1, GEN2, -5, E036112D912508B3, 30, 364, 0, 3.38,  (Infinity%),
01/11/2017 17:22:49.249770, 102, 1, GEN2, -5, E036112D912508B3, 2, 318, 0, 3.38,  (Infinity%),
01/11/2017 17:22:49.875076, 103, 1, GEN2, -5, E036112D912508B3, 14, 400, 0, 3.38,  (Infinity%),
01/11/2017 17:22:50.434548, 104, 1, GEN2, -5, E036112D912508B3, 5, 142, 0, 3.38,  (Infinity%),
01/11/2017 17:22:51.015987, 105, 1, GEN2, -5, E036112D912508B3, 9, 371, 0, 3.38,  (Infinity%),
01/11/2017 17:22:51.795259, 106, 1, GEN2, -5, E036112D912508B3, 39, 152, 0, 3.38,  (Infinity%),
01/11/2017 17:22:52.399515, 107, 1, GEN2, -5, E036112D912508B3, 25, 414, 0, 3.38,  (Infinity%),
01/11/2017 17:22:53.059695, 108, 1, GEN2, -5, E036112D912508B3, 7, 115, 0, 3.38,  (Infinity%),
01/11/2017 17:22:53.617956, 109, 1, GEN2, -5, E036112D912508B3, 33, 405, 0, 3.38,  (Infinity%),
01/11/2017 17:22:54.133961, 110, 1, GEN2, -5, E036112D912508B3, 24, 116, 0, 3.38,  (Infinity%),
01/11/2017 17:22:54.798887, 111, 1, GEN2, -5, E036112D912508B3, 30, 224, 0, 3.38,  (Infinity%),
01/11/2017 17:22:55.389903, 112, 1, GEN2, -5, E036112D912508B3, 9, 449, 0, 3.38,  (Infinity%),
01/11/2017 17:22:56.034260, 113, 1, GEN2, -5, E036112D912508B3, 16, 328, 0, 3.38,  (Infinity%),
01/11/2017 17:22:56.730177, 114, 1, GEN2, -5, E036112D912508B3, 16, 443, 0, 3.38,  (Infinity%),
01/11/2017 17:22:57.304120, 115, 1, GEN2, -5, E036112D912508B3, 10, 212, 0, 3.38,  (Infinity%),
01/11/2017 17:22:57.901117, 116, 1, GEN2, -5, E036112D912508B3, 12, 330, 0, 3.38,  (Infinity%),
01/11/2017 17:22:58.528310, 117, 1, GEN2, -5, E036112D912508B3, 16, 448, 0, 3.38,  (Infinity%),
01/11/2017 17:22:59.030056, 118, 1, GEN2, -5, E036112D912508B3, 17, 191, 0, 3.38,  (Infinity%),
01/11/2017 17:22:59.646103, 119, 1, GEN2, -5, E036112D912508B3, 19, 124, 0, 3.38,  (Infinity%),
01/11/2017 17:23:00.159578, 120, 1, GEN2, -5, E036112D912508B3, 16, 155, 0, 3.38,  (Infinity%),
01/11/2017 17:23:00.673582, 121, 1, GEN2, -5, E036112D912508B3, 15, 115, 0, 3.38,  (Infinity%),
01/11/2017 17:23:01.250595, 122, 1, GEN2, -5, E036112D912508B3, 14, 298, 0, 3.38,  (Infinity%),
01/11/2017 17:23:01.786585, 123, 1, GEN2, -5, E036112D912508B3, 33, 257, 0, 3.38,  (Infinity%),
01/11/2017 17:23:02.362467, 124, 1, GEN2, -5, E036112D912508B3, 33, 237, 0, 3.38,  (Infinity%),
01/11/2017 17:23:02.906504, 125, 1, GEN2, -5, E036112D912508B3, 10, 164, 0, 3.38,  (Infinity%),
01/11/2017 17:23:03.448857, 126, 1, GEN2, -5, E036112D912508B3, 9, 215, 0, 3.38,  (Infinity%),
01/11/2017 17:23:03.957764, 127, 1, GEN2, -5, E036112D912508B3, 33, 288, 0, 3.38,  (Infinity%),
01/11/2017 17:23:04.563119, 128, 1, GEN2, -5, E036112D912508B3, 31, 335, 0, 3.38,  (Infinity%),
01/11/2017 17:23:05.218576, 129, 1, GEN2, -5, E036112D912508B3, 4, 113, 0, 3.38,  (Infinity%),
01/11/2017 17:23:05.775776, 130, 1, GEN2, -5, E036112D912508B3, 29, 353, 0, 3.38,  (Infinity%),
01/11/2017 17:23:06.388581, 131, 1, GEN2, -5, E036112D912508B3, 26, 114, 0, 3.38,  (Infinity%),
01/11/2017 17:23:06.996622, 132, 1, GEN2, -5, E036112D912508B3, 21, 323, 0, 3.38,  (Infinity%),
01/11/2017 17:23:07.578221, 133, 2, GEN2, -5, E036112D912508B3, 25, 436, 0, 3.38,  (Infinity%),
01/11/2017 17:23:11.261432, 134, 2, GEN2, -5, E036112D912508B3, 24, 134, 0, 3.38,  (Infinity%),
01/11/2017 17:23:11.789362, 135, 2, GEN2, -5, E036112D912508B3, 11, 90, 0, 3.38,  (Infinity%),
01/11/2017 17:23:12.319469, 136, 2, GEN2, -5, E036112D912508B3, 12, 346, 0, 3.38,  (Infinity%),
01/11/2017 17:23:12.829901, 137, 2, GEN2, -5, E036112D912508B3, 22, 409, 0, 3.38,  (Infinity%),
01/11/2017 17:23:13.348290, 138, 2, GEN2, -5, E036112D912508B3, 6, 163, 0, 3.38,  (Infinity%),
01/11/2017 17:23:13.855200, 139, 2, GEN2, -5, E036112D912508B3, 20, 353, 0, 3.38,  (Infinity%),
01/11/2017 17:23:14.514291, 140, 2, GEN2, -5, E036112D912508B3, 4, 182, 0, 3.38,  (Infinity%),
01/11/2017 17:23:15.187026, 141, 2, GEN2, -5, E036112D912508B3, 20, 183, 0, 3.38,  (Infinity%),
01/11/2017 17:23:15.832766, 142, 2, GEN2, -5, E036112D912508B3, 8, 360, 0, 3.38,  (Infinity%),
01/11/2017 17:23:16.464451, 143, 2, GEN2, -5, E036112D912508B3, 6, 241, 0, 3.38,  (Infinity%),
01/11/2017 17:23:17.084757, 144, 2, GEN2, -5, E036112D912508B3, 27, 307, 0, 3.38,  (Infinity%),
01/11/2017 17:23:17.649231, 145, 2, GEN2, -5, E036112D912508B3, 17, 271, 0, 3.38,  (Infinity%),
01/11/2017 17:23:18.162093, 146, 2, GEN2, -5, E036112D912508B3, 31, 372, 0, 3.38,  (Infinity%),
01/11/2017 17:23:18.719038, 147, 2, GEN2, -5, E036112D912508B3, 17, 282, 0, 3.38,  (Infinity%),
01/11/2017 17:23:19.408443, 148, 2, GEN2, -5, E036112D912508B3, 26, 268, 0, 3.38,  (Infinity%),
01/11/2017 17:23:19.991310, 149, 2, GEN2, -5, E036112D912508B3, 28, 260, 0, 3.38,  (Infinity%),
01/11/2017 17:23:20.635700, 150, 2, GEN2, -5, E036112D912508B3, 38, 227, 0, 3.38,  (Infinity%),
01/11/2017 17:23:21.292603, 151, 2, GEN2, -5, E036112D912508B3, 22, 139, 0, 3.38,  (Infinity%),
01/11/2017 17:23:21.866431, 152, 2, GEN2, -5, E036112D912508B3, 10, 168, 0, 3.38,  (Infinity%),
01/11/2017 17:23:22.524550, 153, 2, GEN2, -5, E036112D912508B3, 13, 248, 0, 3.38,  (Infinity%),
01/11/2017 17:23:23.154384, 154, 2, GEN2, -5, E036112D912508B3, 18, 386, 0, 3.38,  (Infinity%),
01/11/2017 17:23:23.675886, 155, 2, GEN2, -5, E036112D912508B3, 4, 413, 0, 3.38,  (Infinity%),
01/11/2017 17:23:24.192316, 156, 2, GEN2, -5, E036112D912508B3, 28, 254, 0, 3.38,  (Infinity%),
01/11/2017 17:23:24.814537, 157, 2, GEN2, -5, E036112D912508B3, 35, 243, 0, 3.38,  (Infinity%),
01/11/2017 17:23:25.348830, 158, 2, GEN2, -5, E036112D912508B3, 24, 254, 0, 3.38,  (Infinity%),
01/11/2017 17:23:25.950614, 159, 2, GEN2, -5, E036112D912508B3, 38, 228, 0, 3.38,  (Infinity%),
01/11/2017 17:23:26.460019, 160, 2, GEN2, -5, E036112D912508B3, 31, 115, 0, 3.38,  (Infinity%),
01/11/2017 17:23:27.017524, 161, 2, GEN2, -5, E036112D912508B3, 31, 140, 0, 3.38,  (Infinity%),
01/11/2017 17:23:27.713919, 162, 2, GEN2, -5, E036112D912508B3, 31, 258, 0, 3.38,  (Infinity%),
01/11/2017 17:23:28.414070, 163, 2, GEN2, -5, E036112D912508B3, 38, 375, 0, 3.38,  (Infinity%),
01/11/2017 17:23:29.028853, 164, 3, GEN2, -5, E036112D912508B3, 40, 182, 0, 3.38,  (Infinity%),
01/11/2017 17:23:32.680695, 165, 3, GEN2, -5, E036112D912508B3, 3, 359, 0, 3.38,  (Infinity%),
01/11/2017 17:23:33.316150, 166, 3, GEN2, -5, E036112D912508B3, 7, 440, 0, 3.38,  (Infinity%),
01/11/2017 17:23:33.952141, 167, 3, GEN2, -5, E036112D912508B3, 3, 335, 0, 3.38,  (Infinity%),
01/11/2017 17:23:34.582295, 168, 3, GEN2, -5, E036112D912508B3, 37, 172, 0, 3.38,  (Infinity%),
01/11/2017 17:23:35.270061, 169, 3, GEN2, -5, E036112D912508B3, 31, 95, 0, 3.38,  (Infinity%),
01/11/2017 17:23:35.784768, 170, 3, GEN2, -5, E036112D912508B3, 12, 438, 0, 3.38,  (Infinity%),
01/11/2017 17:23:36.456208, 171, 3, GEN2, -5, E036112D912508B3, 24, 437, 0, 3.38,  (Infinity%),
01/11/2017 17:23:37.003497, 172, 3, GEN2, -5, E036112D912508B3, 15, 168, 0, 3.38,  (Infinity%),
01/11/2017 17:23:37.535294, 173, 3, GEN2, -5, E036112D912508B3, 29, 239, 0, 3.38,  (Infinity%),
01/11/2017 17:23:38.101970, 174, 3, GEN2, -5, E036112D912508B3, 12, 156, 0, 3.38,  (Infinity%),
01/11/2017 17:23:38.708839, 175, 3, GEN2, -5, E036112D912508B3, 18, 160, 0, 3.38,  (Infinity%),
01/11/2017 17:23:39.239629, 176, 3, GEN2, -5, E036112D912508B3, 29, 328, 0, 3.38,  (Infinity%),
01/11/2017 17:23:39.868316, 177, 3, GEN2, -5, E036112D912508B3, 22, 311, 0, 3.38,  (Infinity%),
01/11/2017 17:23:40.531223, 178, 3, GEN2, -5, E036112D912508B3, 3, 389, 0, 3.38,  (Infinity%),
01/11/2017 17:23:41.072200, 179, 3, GEN2, -5, E036112D912508B3, 15, 384, 0, 3.38,  (Infinity%),
01/11/2017 17:23:41.636574, 180, 3, GEN2, -5, E036112D912508B3, 30, 378, 0, 3.38,  (Infinity%),
01/11/2017 17:23:42.196867, 181, 3, GEN2, -5, E036112D912508B3, 12, 254, 0, 3.38,  (Infinity%),
01/11/2017 17:23:42.709821, 182, 3, GEN2, -5, E036112D912508B3, 18, 94, 0, 3.38,  (Infinity%),
01/11/2017 17:23:43.293264, 183, 3, GEN2, -5, E036112D912508B3, 40, 162, 0, 3.38,  (Infinity%),
01/11/2017 17:23:43.886132, 184, 3, GEN2, -5, E036112D912508B3, 37, 164, 0, 3.38,  (Infinity%),
01/11/2017 17:23:44.565836, 185, 3, GEN2, -5, E036112D912508B3, 25, 158, 0, 3.38,  (Infinity%),
01/11/2017 17:23:45.120385, 186, 3, GEN2, -5, E036112D912508B3, 27, 229, 0, 3.38,  (Infinity%),
01/11/2017 17:23:45.634696, 187, 3, GEN2, -5, E036112D912508B3, 34, 123, 0, 3.38,  (Infinity%),
01/11/2017 17:23:46.257563, 188, 3, GEN2, -5, E036112D912508B3, 23, 103, 0, 3.38,  (Infinity%),
01/11/2017 17:23:46.825393, 189, 3, GEN2, -5, E036112D912508B3, 12, 146, 0, 3.38,  (Infinity%),
01/11/2017 17:23:47.430115, 190, 3, GEN2, -5, E036112D912508B3, 4, 427, 0, 3.38,  (Infinity%),
01/11/2017 17:23:48.126780, 191, 3, GEN2, -5, E036112D912508B3, 30, 158, 0, 3.38,  (Infinity%),
01/11/2017 17:23:48.802026, 192, 3, GEN2, -5, E036112D912508B3, 16, 149, 0, 3.38,  (Infinity%),
01/11/2017 17:23:49.478438, 193, 3, GEN2, -5, E036112D912508B3, 26, 130, 0, 3.38,  (Infinity%),
01/11/2017 17:23:50.009743, 194, 3, GEN2, -5, E036112D912508B3, 17, 92, 0, 3.38,  (Infinity%),
01/11/2017 17:23:50.612403, 195, 1, GEN2, -5, E036112D912508B3, 19, 428, 0, 3.38,  (Infinity%),
01/11/2017 17:23:54.235465, 196, 1, GEN2, -5, E036112D912508B3, 5, 97, 0, 3.38,  (Infinity%),
01/11/2017 17:23:54.764427, 197, 1, GEN2, -5, E036112D912508B3, 34, 318, 0, 3.38,  (Infinity%),
01/11/2017 17:23:55.388989, 198, 1, GEN2, -5, E036112D912508B3, 36, 177, 0, 3.38,  (Infinity%),
01/11/2017 17:23:55.953365, 199, 1, GEN2, -5, E036112D912508B3, 40, 346, 0, 3.38,  (Infinity%),
01/11/2017 17:23:56.605112, 200, 1, GEN2, -5, E036112D912508B3, 40, 344, 0, 3.38,  (Infinity%),
01/11/2017 17:23:57.253890, 201, 1, GEN2, -5, E036112D912508B3, 11, 179, 0, 3.38,  (Infinity%),
01/11/2017 17:23:57.799983, 202, 1, GEN2, -5, E036112D912508B3, 32, 307, 0, 3.38,  (Infinity%),
01/11/2017 17:23:58.313626, 203, 1, GEN2, -5, E036112D912508B3, 26, 450, 0, 3.38,  (Infinity%),
01/11/2017 17:23:58.971617, 204, 1, GEN2, -5, E036112D912508B3, 31, 224, 0, 3.38,  (Infinity%),
01/11/2017 17:23:59.619843, 205, 1, GEN2, -5, E036112D912508B3, 30, 194, 0, 3.38,  (Infinity%),
01/11/2017 17:24:00.280250, 206, 1, GEN2, -5, E036112D912508B3, 40, 423, 0, 3.38,  (Infinity%),
01/11/2017 17:24:00.867281, 207, 1, GEN2, -5, E036112D912508B3, 31, 194, 0, 3.38,  (Infinity%),
01/11/2017 17:24:01.444218, 208, 1, GEN2, -5, E036112D912508B3, 19, 272, 0, 3.38,  (Infinity%),
01/11/2017 17:24:02.136507, 209, 1, GEN2, -5, E036112D912508B3, 24, 232, 0, 3.38,  (Infinity%),
01/11/2017 17:24:02.820727, 210, 1, GEN2, -5, E036112D912508B3, 18, 297, 0, 3.38,  (Infinity%),
01/11/2017 17:24:03.361129, 211, 1, GEN2, -5, E036112D912508B3, 33, 339, 0, 3.38,  (Infinity%),
01/11/2017 17:24:03.947373, 212, 1, GEN2, -5, E036112D912508B3, 8, 102, 0, 3.38,  (Infinity%),
01/11/2017 17:24:04.574815, 213, 1, GEN2, -5, E036112D912508B3, 8, 109, 0, 3.38,  (Infinity%),
01/11/2017 17:24:05.235056, 214, 1, GEN2, -5, E036112D912508B3, 38, 167, 0, 3.38,  (Infinity%),
01/11/2017 17:24:05.782773, 215, 1, GEN2, -5, E036112D912508B3, 13, 317, 0, 3.38,  (Infinity%),
01/11/2017 17:24:06.372535, 216, 1, GEN2, -5, E036112D912508B3, 34, 358, 0, 3.38,  (Infinity%),
01/11/2017 17:24:06.975666, 217, 1, GEN2, -5, E036112D912508B3, 14, 245, 0, 3.38,  (Infinity%),
01/11/2017 17:24:07.523739, 218, 1, GEN2, -5, E036112D912508B3, 12, 99, 0, 3.38,  (Infinity%),
01/11/2017 17:24:08.208669, 219, 1, GEN2, -5, E036112D912508B3, 14, 241, 0, 3.38,  (Infinity%),
01/11/2017 17:24:08.755400, 220, 1, GEN2, -5, E036112D912508B3, 35, 125, 0, 3.38,  (Infinity%),
01/11/2017 17:24:09.441360, 221, 1, GEN2, -5, E036112D912508B3, 29, 160, 0, 3.38,  (Infinity%),
01/11/2017 17:24:09.970805, 222, 1, GEN2, -5, E036112D912508B3, 18, 172, 0, 3.38,  (Infinity%),
01/11/2017 17:24:10.619506, 223, 2, GEN2, -5, E036112D912508B3, 9, 271, 0, 3.38,  (Infinity%),
01/11/2017 17:24:14.165491, 224, 2, GEN2, -5, E036112D912508B3, 19, 105, 0, 3.38,  (Infinity%),
01/11/2017 17:24:14.768357, 225, 2, GEN2, -5, E036112D912508B3, 31, 259, 0, 3.38,  (Infinity%),
01/11/2017 17:24:15.396203, 226, 2, GEN2, -5, E036112D912508B3, 3, 358, 0, 3.38,  (Infinity%),
01/11/2017 17:24:16.018170, 227, 2, GEN2, -5, E036112D912508B3, 6, 166, 0, 3.38,  (Infinity%),
01/11/2017 17:24:16.680843, 228, 2, GEN2, -5, E036112D912508B3, 13, 362, 0, 3.38,  (Infinity%),
01/11/2017 17:24:17.197622, 229, 2, GEN2, -5, E036112D912508B3, 21, 119, 0, 3.38,  (Infinity%),
01/11/2017 17:24:17.830355, 230, 2, GEN2, -5, E036112D912508B3, 8, 267, 0, 3.38,  (Infinity%),
01/11/2017 17:24:18.388337, 231, 2, GEN2, -5, E036112D912508B3, 13, 130, 0, 3.38,  (Infinity%),
01/11/2017 17:24:19.087664, 232, 2, GEN2, -5, E036112D912508B3, 15, 376, 0, 3.38,  (Infinity%),
01/11/2017 17:24:19.745057, 233, 2, GEN2, -5, E036112D912508B3, 23, 433, 0, 3.38,  (Infinity%),
01/11/2017 17:24:20.268595, 234, 2, GEN2, -5, E036112D912508B3, 10, 448, 0, 3.38,  (Infinity%),
01/11/2017 17:24:20.837440, 235, 2, GEN2, -5, E036112D912508B3, 18, 190, 0, 3.38,  (Infinity%),
01/11/2017 17:24:21.477540, 236, 2, GEN2, -5, E036112D912508B3, 15, 94, 0, 3.38,  (Infinity%),
01/11/2017 17:24:22.016031, 237, 2, GEN2, -5, E036112D912508B3, 37, 91, 0, 3.38,  (Infinity%),
01/11/2017 17:24:22.533093, 238, 2, GEN2, -5, E036112D912508B3, 35, 175, 0, 3.38,  (Infinity%),
01/11/2017 17:24:23.210911, 239, 2, GEN2, -5, E036112D912508B3, 23, 339, 0, 3.38,  (Infinity%),
01/11/2017 17:24:23.763386, 240, 2, GEN2, -5, E036112D912508B3, 9, 418, 0, 3.38,  (Infinity%),
01/11/2017 17:24:24.359288, 241, 2, GEN2, -5, E036112D912508B3, 30, 103, 0, 3.38,  (Infinity%),
01/11/2017 17:24:25.008747, 242, 2, GEN2, -5, E036112D912508B3, 28, 335, 0, 3.38,  (Infinity%),
01/11/2017 17:24:25.657226, 243, 2, GEN2, -5, E036112D912508B3, 37, 158, 0, 3.38,  (Infinity%),
01/11/2017 17:24:26.177596, 244, 2, GEN2, -5, E036112D912508B3, 18, 341, 0, 3.38,  (Infinity%),
01/11/2017 17:24:26.817873, 245, 2, GEN2, -5, E036112D912508B3, 40, 140, 0, 3.38,  (Infinity%),
01/11/2017 17:24:27.397173, 246, 2, GEN2, -5, E036112D912508B3, 12, 356, 0, 3.38,  (Infinity%),
01/11/2017 17:24:27.954061, 247, 2, GEN2, -5, E036112D912508B3, 24, 424, 0, 3.38,  (Infinity%),
01/11/2017 17:24:28.535149, 248, 2, GEN2, -5, E036112D912508B3, 24, 334, 0, 3.38,  (Infinity%),
01/11/2017 17:24:29.161806, 249, 2, GEN2, -5, E036112D912508B3, 17, 287, 0, 3.38,  (Infinity%),
01/11/2017 17:24:29.830140, 250, 2, GEN2, -5, E036112D912508B3, 38, 447, 0, 3.38,  (Infinity%),
01/11/2017 17:24:30.338174, 251, 2, GEN2, -5, E036112D912508B3, 28, 395, 0, 3.38,  (Infinity%),
01/11/2017 17:24:30.957059, 252, 2, GEN2, -5, E036112D912508B3, 8, 381, 0, 3.38,  (Infinity%),
01/11/2017 17:24:31.647601, 253, 2, GEN2, -5, E036112D912508B3, 35, 267, 0, 3.38,  (Infinity%),
01/11/2017 17:24:32.206104, 254, 3, GEN2, -5, E036112D912508B3, 11, 406, 0, 3.38,  (Infinity%),
01/11/2017 17:24:35.726535, 255, 3, GEN2, -5, E036112D912508B3, 31, 213, 0, 3.38,  (Infinity%),
01/11/2017 17:24:36.403011, 256, 3, GEN2, -5, E036112D912508B3, 31, 238, 0, 3.38,  (Infinity%),
01/11/2017 17:24:36.927725, 257, 3, GEN2, -5, E036112D912508B3, 35, 285, 0, 3.38,  (Infinity%),
01/11/2017 17:24:37.596356, 258, 3, GEN2, -5, E036112D912508B3, 7, 423, 0, 3.38,  (Infinity%),
01/11/2017 17:24:38.273957, 259, 3, GEN2, -5, E036112D912508B3, 38, 223, 0, 3.38,  (Infinity%),
01/11/2017 17:24:38.937436, 260, 3, GEN2, -5, E036112D912508B3, 3, 370, 0, 3.38,  (Infinity%),
01/11/2017 17:24:39.450662, 261, 3, GEN2, -5, E036112D912508B3, 19, 102, 0, 3.38,  (Infinity%),
01/11/2017 17:24:39.996505, 262, 3, GEN2, -5, E036112D912508B3, 16, 164, 0, 3.38,  (Infinity%),
01/11/2017 17:24:40.517030, 263, 3, GEN2, -5, E036112D912508B3, 33, 327, 0, 3.38,  (Infinity%),
01/11/2017 17:24:41.198173, 264, 3, GEN2, -5, E036112D912508B3, 12, 243, 0, 3.38,  (Infinity%),
01/11/2017 17:24:41.852604, 265, 3, GEN2, -5, E036112D912508B3, 32, 199, 0, 3.38,  (Infinity%),
01/11/2017 17:24:42.382376, 266, 3, GEN2, -5, E036112D912508B3, 32, 399, 0, 3.38,  (Infinity%),
01/11/2017 17:24:43.071206, 267, 3, GEN2, -5, E036112D912508B3, 28, 406, 0, 3.38,  (Infinity%),
01/11/2017 17:24:43.676200, 268, 3, GEN2, -5, E036112D912508B3, 2, 401, 0, 3.38,  (Infinity%),
01/11/2017 17:24:44.272822, 269, 3, GEN2, -5, E036112D912508B3, 27, 95, 0, 3.38,  (Infinity%),
01/11/2017 17:24:44.776932, 270, 3, GEN2, -5, E036112D912508B3, 33, 396, 0, 3.38,  (Infinity%),
01/11/2017 17:24:45.433749, 271, 3, GEN2, -5, E036112D912508B3, 2, 99, 0, 3.38,  (Infinity%),
01/11/2017 17:24:46.120903, 272, 3, GEN2, -5, E036112D912508B3, 4, 314, 0, 3.38,  (Infinity%),
01/11/2017 17:24:46.742179, 273, 3, GEN2, -5, E036112D912508B3, 16, 449, 0, 3.38,  (Infinity%),
01/11/2017 17:24:47.432680, 274, 1, GEN2, -5, E036112D912508B3, 23, 126, 0, 3.38,  (Infinity%),
01/11/2017 17:24:50.952646, 275, 1, GEN2, -5, E036112D912508B3, 31, 419, 0, 3.38,  (Infinity%),
01/11/2017 17:24:51.524089, 276, 1, GEN2, -5, E036112D912508B3, 24, 346, 0, 3.38,  (Infinity%),
01/11/2017 17:24:52.073580, 277, 1, GEN2, -5, E036112D912508B3, 40, 310, 0, 3.38,  (Infinity%),
01/11/2017 17:24:52.702882, 278, 1, GEN2, -5, E036112D912508B3, 10, 293, 0, 3.38,  (Infinity%),
01/11/2017 17:24:53.359207, 279, 1, GEN2, -5, E036112D912508B3, 31, 399, 0, 3.38,  (Infinity%),
01/11/2017 17:24:53.987360, 280, 1, GEN2, -5, E036112D912508B3, 31, 201, 0, 3.38,  (Infinity%),
01/11/2017 17:24:54.522236, 281, 1, GEN2, -5, E036112D912508B3, 25, 390, 0, 3.38,  (Infinity%),
01/11/2017 17:24:55.182126, 282, 1, GEN2, -5, E036112D912508B3, 31, 107, 0, 3.38,  (Infinity%),
01/11/2017 17:24:55.698144, 283, 1, GEN2, -5, E036112D912508B3, 14, 343, 0, 3.38,  (Infinity%),
01/11/2017 17:24:56.326747, 284, 1, GEN2, -5, E036112D912508B3, 27, 300, 0, 3.38,  (Infinity%),
01/11/2017 17:24:56.892146, 285, 1, GEN2, -5, E036112D912508B3, 20, 183, 0, 3.38,  (Infinity%),
01/11/2017 17:24:57.431915, 286, 1, GEN2, -5, E036112D912508B3, 10, 290, 0, 3.38,  (Infinity%),
01/11/2017 17:24:58.094525, 287, 1, GEN2, -5, E036112D912508B3, 17, 167, 0, 3.38,  (Infinity%),
01/11/2017 17:24:58.642342, 288, 1, GEN2, -5, E036112D912508B3, 38, 137, 0, 3.38,  (Infinity%),
01/11/2017 17:24:59.153455, 289, 1, GEN2, -5, E036112D912508B3, 19, 149, 0, 3.38,  (Infinity%),
01/11/2017 17:24:59.657203, 290, 1, GEN2, -5, E036112D912508B3, 8, 213, 0, 3.38,  (Infinity%),
01/11/2017 17:25:00.335506, 291, 1, GEN2, -5, E036112D912508B3, 21, 309, 0, 3.38,  (Infinity%),
01/11/2017 17:25:01.008930, 292, 1, GEN2, -5, E036112D912508B3, 14, 154, 0, 3.38,  (Infinity%),
01/11/2017 17:25:01.557673, 293, 1, GEN2, -5, E036112D912508B3, 14, 118, 0, 3.38,  (Infinity%),
01/11/2017 17:25:02.145587, 294, 1, GEN2, -5, E036112D912508B3, 14, 190, 0, 3.38,  (Infinity%),
01/11/2017 17:25:02.815761, 295, 1, GEN2, -5, E036112D912508B3, 35, 264, 0, 3.38,  (Infinity%),
01/11/2017 17:25:03.477450, 296, 1, GEN2, -5, E036112D912508B3, 8, 247, 0, 3.38,  (Infinity%),
01/11/2017 17:25:04.103814, 297, 1, GEN2, -5, E036112D912508B3, 20, 448, 0, 3.38,  (Infinity%),
01/11/2017 17:25:04.679406, 298, 1, GEN2, -5, E036112D912508B3, 11, 386, 0, 3.38,  (Infinity%),
01/11/2017 17:25:05.200781, 299, 1, GEN2, -5, E036112D912508B3, 37, 119, 0, 3.38,  (Infinity%),
01/11/2017 17:25:05.771712, 300, 2, GEN2, -5, E036112D912508B3, 13, 259, 0, 3.38,  (Infinity%),
01/11/2017 17:25:09.424253, 301, 2, GEN2, -5, E036112D912508B3, 35, 110, 0, 3.38,  (Infinity%),
01/11/2017 17:25:10.061945, 302, 2, GEN2, -5, E036112D912508B3, 3, 373, 0, 3.38,  (Infinity%),
01/11/2017 17:25:10.719414, 303, 2, GEN2, -5, E036112D912508B3, 13, 298, 0, 3.38,  (Infinity%),
01/11/2017 17:25:11.362192, 304, 2, GEN2, -5, E036112D912508B3, 31, 223, 0, 3.38,  (Infinity%),
01/11/2017 17:25:12.046107, 305, 2, GEN2, -5, E036112D912508B3, 19, 248, 0, 3.38,  (Infinity%),
01/11/2017 17:25:12.691566, 306, 2, GEN2, -5, E036112D912508B3, 24, 160, 0, 3.38,  (Infinity%),
01/11/2017 17:25:13.231065, 307, 2, GEN2, -5, E036112D912508B3, 22, 152, 0, 3.38,  (Infinity%),
01/11/2017 17:25:13.821808, 308, 2, GEN2, -5, E036112D912508B3, 9, 430, 0, 3.38,  (Infinity%),
01/11/2017 17:25:14.490816, 309, 2, GEN2, -5, E036112D912508B3, 6, 450, 0, 3.38,  (Infinity%),
01/11/2017 17:25:15.033259, 310, 2, GEN2, -5, E036112D912508B3, 3, 109, 0, 3.38,  (Infinity%),
01/11/2017 17:25:15.650275, 311, 2, GEN2, -5, E036112D912508B3, 38, 238, 0, 3.38,  (Infinity%),
01/11/2017 17:25:16.304417, 312, 2, GEN2, -5, E036112D912508B3, 30, 292, 0, 3.38,  (Infinity%),
01/11/2017 17:25:16.813743, 313, 2, GEN2, -5, E036112D912508B3, 39, 319, 0, 3.38,  (Infinity%),
01/11/2017 17:25:17.491068, 314, 2, GEN2, -5, E036112D912508B3, 19, 414, 0, 3.38,  (Infinity%),
01/11/2017 17:25:18.075573, 315, 2, GEN2, -5, E036112D912508B3, 22, 142, 0, 3.38,  (Infinity%),
01/11/2017 17:25:18.733336, 316, 2, GEN2, -5, E036112D912508B3, 32, 406, 0, 3.38,  (Infinity%),
01/11/2017 17:25:19.402480, 317, 2, GEN2, -5, E036112D912508B3, 26, 149, 0, 3.38,  (Infinity%),
01/11/2017 17:25:20.019156, 318, 2, GEN2, -5, E036112D912508B3, 27, 411, 0, 3.38,  (Infinity%),
01/11/2017 17:25:20.679291, 319, 2, GEN2, -5, E036112D912508B3, 21, 383, 0, 3.38,  (Infinity%),
01/11/2017 17:25:21.303296, 320, 2, GEN2, -5, E036112D912508B3, 25, 116, 0, 3.38,  (Infinity%),
01/11/2017 17:25:21.915568, 321, 2, GEN2, -5, E036112D912508B3, 28, 409, 0, 3.38,  (Infinity%),
01/11/2017 17:25:22.493427, 322, 2, GEN2, -5, E036112D912508B3, 13, 367, 0, 3.38,  (Infinity%),
01/11/2017 17:25:23.139582, 323, 2, GEN2, -5, E036112D912508B3, 25, 266, 0, 3.38,  (Infinity%),
01/11/2017 17:25:23.722771, 324, 2, GEN2, -5, E036112D912508B3, 19, 363, 0, 3.38,  (Infinity%),
01/11/2017 17:25:24.350881, 325, 2, GEN2, -5, E036112D912508B3, 12, 300, 0, 3.38,  (Infinity%),
01/11/2017 17:25:25.021058, 326, 2, GEN2, -5, E036112D912508B3, 29, 193, 0, 3.38,  (Infinity%),
01/11/2017 17:25:25.569016, 327, 2, GEN2, -5, E036112D912508B3, 39, 216, 0, 3.38,  (Infinity%),
01/11/2017 17:25:26.230776, 328, 2, GEN2, -5, E036112D912508B3, 8, 371, 0, 3.38,  (Infinity%),
01/11/2017 17:25:26.910099, 329, 2, GEN2, -5, E036112D912508B3, 31, 177, 0, 3.38,  (Infinity%),
01/11/2017 17:25:27.564645, 330, 2, GEN2, -5, E036112D912508B3, 2, 171, 0, 3.38,  (Infinity%),
01/11/2017 17:25:28.259729, 331, 2, GEN2, -5, E036112D912508B3, 5, 371, 0, 3.38,  (Infinity%),
01/11/2017 17:25:28.795659, 332, 2, GEN2, -5, E036112D912508B3, 28, 105, 0, 3.38,  (Infinity%),
01/11/2017 17:25:29.372492, 333, 2, GEN2, -5, E036112D912508B3, 26, 137, 0, 3.38,  (Infinity%),
01/11/2017 17:25:29.886559, 334, 3, GEN2, -5, E036112D912508B3, 30, 124, 0, 3.38,  (Infinity%),
01/11/2017 17:25:33.444961, 335, 3, GEN2, -5, E036112D912508B3, 4, 432, 0, 3.38,  (Infinity%),
01/11/2017 17:25:34.136845, 336, 3, GEN2, -5, E036112D912508B3, 19, 432, 0, 3.38,  (Infinity%),
01/11/2017 17:25:34.689818, 337, 3, GEN2, -5, E036112D912508B3, 4, 165, 0, 3.38,  (Infinity%),
01/11/2017 17:25:35.255266, 338, 3, GEN2, -5, E036112D912508B3, 22, 257, 0, 3.38,  (Infinity%),
01/11/2017 17:25:35.924515, 339, 3, GEN2, -5, E036112D912508B3, 13, 410, 0, 3.38,  (Infinity%),
01/11/2017 17:25:36.455448, 340, 3, GEN2, -5, E036112D912508B3, 9, 439, 0, 3.38,  (Infinity%),
01/11/2017 17:25:37.124292, 341, 3, GEN2, -5, E036112D912508B3, 6, 146, 0, 3.38,  (Infinity%),
01/11/2017 17:25:37.810205, 342, 3, GEN2, -5, E036112D912508B3, 3, 190, 0, 3.38,  (Infinity%),
01/11/2017 17:25:38.335539, 343, 3, GEN2, -5, E036112D912508B3, 9, 254, 0, 3.38,  (Infinity%),
01/11/2017 17:25:38.934404, 344, 3, GEN2, -5, E036112D912508B3, 33, 446, 0, 3.38,  (Infinity%),
01/11/2017 17:25:39.596109, 345, 3, GEN2, -5, E036112D912508B3, 32, 445, 0, 3.38,  (Infinity%),
01/11/2017 17:25:40.116614, 346, 3, GEN2, -5, E036112D912508B3, 37, 95, 0, 3.38,  (Infinity%),
01/11/2017 17:25:40.667304, 347, 3, GEN2, -5, E036112D912508B3, 36, 145, 0, 3.38,  (Infinity%),
01/11/2017 17:25:41.242376, 348, 3, GEN2, -5, E036112D912508B3, 21, 116, 0, 3.38,  (Infinity%),
01/11/2017 17:25:41.811326, 349, 3, GEN2, -5, E036112D912508B3, 36, 153, 0, 3.38,  (Infinity%),
01/11/2017 17:25:42.477499, 350, 3, GEN2, -5, E036112D912508B3, 23, 419, 0, 3.38,  (Infinity%),
01/11/2017 17:25:43.143262, 351, 3, GEN2, -5, E036112D912508B3, 6, 129, 0, 3.38,  (Infinity%),
01/11/2017 17:25:43.732785, 352, 3, GEN2, -5, E036112D912508B3, 28, 286, 0, 3.38,  (Infinity%),
01/11/2017 17:25:44.369849, 353, 3, GEN2, -5, E036112D912508B3, 15, 328, 0, 3.38,  (Infinity%),
01/11/2017 17:25:44.883274, 354, 3, GEN2, -5, E036112D912508B3, 10, 391, 0, 3.38,  (Infinity%),
01/11/2017 17:25:45.537008, 355, 3, GEN2, -5, E036112D912508B3, 35, 91, 0, 3.38,  (Infinity%),
01/11/2017 17:25:46.107241, 356, 3, GEN2, -5, E036112D912508B3, 27, 430, 0, 3.38,  (Infinity%),
01/11/2017 17:25:46.679626, 357, 3, GEN2, -5, E036112D912508B3, 6, 200, 0, 3.38,  (Infinity%),
01/11/2017 17:25:47.298818, 358, 3, GEN2, -5, E036112D912508B3, 17, 219, 0, 3.38,  (Infinity%),
01/11/2017 17:25:47.917435, 359, 3, GEN2, -5, E036112D912508B3, 16, 314, 0, 3.38,  (Infinity%),
01/11/2017 17:25:48.574478, 360, 3, GEN2, -5, E036112D912508B3, 27, 155, 0, 3.38,  (Infinity%),
01/11/2017 17:25:49.137732, 361, 3, GEN2, -5, E036112D912508B3, 35, 438, 0, 3.38,  (Infinity%),
01/11/2017 17:25:49.653431, 362, 3, GEN2, -5, E036112D912508B3, 22, 335, 0, 3.38,  (Infinity%),
01/11/2017 17:25:50.259159, 363, 3, GEN2, -5, E036112D912508B3, 19, 301, 0, 3.38,  (Infinity%),
01/11/2017 17:25:50.826916, 364, 3, GEN2, -5, E036112D912508B3, 28, 251, 0, 3.38,  (Infinity%),
01/11/2017 17:25:51.462943, 365, 1, GEN2, -5, E036112D912508B3, 20, 257, 0, 3.38,  (Infinity%),
01/11/2017 17:25:54.997325, 366, 1, GEN2, -5, E036112D912508B3, 15, 279, 0, 3.38,  (Infinity%),
01/11/2017 17:25:55.541950, 367, 1, GEN2, -5, E036112D912508B3, 36, 270, 0, 3.38,  (Infinity%),
01/11/2017 17:25:56.159148, 368, 1, GEN2, -5, E036112D912508B3, 15, 243, 0, 3.38,  (Infinity%),
01/11/2017 17:25:56.663618, 369, 1, GEN2, -5, E036112D912508B3, 12, 131, 0, 3.38,  (Infinity%),
01/11/2017 17:25:57.189734, 370, 1, GEN2, -5, E036112D912508B3, 8, 354, 0, 3.38,  (Infinity%),
01/11/2017 17:25:57.724440, 371, 1, GEN2, -5, E036112D912508B3, 23, 128, 0, 3.38,  (Infinity%),
01/11/2017 17:25:58.360566, 372, 1, GEN2, -5, E036112D912508B3, 3, 220, 0, 3.38,  (Infinity%),
01/11/2017 17:25:59.014434, 373, 1, GEN2, -5, E036112D912508B3, 4, 251, 0, 3.38,  (Infinity%),
01/11/2017 17:25:59.515313, 374, 1, GEN2, -5, E036112D912508B3, 21, 259, 0, 3.38,  (Infinity%),
01/11/2017 17:26:00.061901, 375, 1, GEN2, -5, E036112D912508B3, 23, 332, 0, 3.38,  (Infinity%),
01/11/2017 17:26:00.564989, 376, 1, GEN2, -5, E036112D912508B3, 38, 437, 0, 3.38,  (Infinity%),
01/11/2017 17:26:01.110745, 377, 1, GEN2, -5, E036112D912508B3, 22, 183, 0, 3.38,  (Infinity%),
01/11/2017 17:26:01.757768, 378, 1, GEN2, -5, E036112D912508B3, 40, 193, 0, 3.38,  (Infinity%),
01/11/2017 17:26:02.329162, 379, 1, GEN2, -5, E036112D912508B3, 18, 256, 0, 3.38,  (Infinity%),
01/11/2017 17:26:02.985702, 380, 1, GEN2, -5, E036112D912508B3, 4, 310, 0, 3.38,  (Infinity%),
01/11/2017 17:26:03.609480, 381, 1, GEN2, -5, E036112D912508B3, 12, 215, 0, 3.38,  (Infinity%),
01/11/2017 17:26:04.279519, 382, 1, GEN2, -5, E036112D912508B3, 6, 274, 0, 3.38,  (Infinity%),
01/11/2017 17:26:04.914274, 383, 1, GEN2, -5, E036112D912508B3, 25, 346, 0, 3.38,  (Infinity%),
01/11/2017 17:26:05.479869, 384, 1, GEN2, -5, E036112D912508B3, 22, 298, 0, 3.38,  (Infinity%),
01/11/2017 17:26:06.145995, 385, 1, GEN2, -5, E036112D912508B3, 21, 99, 0, 3.38,  (Infinity%),
01/11/2017 17:26:06.675814, 386, 1, GEN2, -5, E036112D912508B3, 16, 253, 0, 3.38,  (Infinity%),
01/11/2017 17:26:07.287338, 387, 1, GEN2, -5, E036112D912508B3, 17, 446, 0, 3.38,  (Infinity%),
01/11/2017 17:26:07.910892, 388, 1, GEN2, -5, E036112D912508B3, 19, 442, 0, 3.38,  (Infinity%),
01/11/2017 17:26:08.533772, 389, 1, GEN2, -5, E036112D912508B3, 9, 321, 0, 3.38,  (Infinity%),
01/11/2017 17:26:09.067585, 390, 1, GEN2, -5, E036112D912508B3, 3, 238, 0, 3.38,  (Infinity%),
01/11/2017 17:26:09.679089, 391, 1, GEN2, -5, E036112D912508B3, 33, 448, 0, 3.38,  (Infinity%),
01/11/2017 17:26:10.351485, 392, 1, GEN2, -5, E036112D912508B3, 11, 344, 0, 3.38,  (Infinity%),
01/11/2017 17:26:10.951788, 393, 1, GEN2, -5, E036112D912508B3, 38, 256, 0, 3.38,  (Infinity%),
01/11/2017 17:26:11.495210, 394, 1, GEN2, -5, E036112D912508B3, 40, 118, 0, 3.38,  (Infinity%),
01/11/2017 17:26:12.085069, 395, 1, GEN2, -5, E036112D912508B3, 11, 125, 0, 3.38,  (Infinity%),
01/11/2017 17:26:12.591353, 396, 1, GEN2, -5, E036112D912508B3, 28, 431, 0, 3.38,  (Infinity%),
01/11/2017 17:26:13.124051, 397, 1, GEN2, -5, E036112D912508B3, 34, 299, 0, 3.38,  (Infinity%),
01/11/2017 17:26:13.810171, 398, 1, GEN2, -5, E036112D912508B3, 8, 325, 0, 3.38,  (Infinity%),
01/11/2017 17:26:14.419123, 399, 1, GEN2, -5, E036112D912508B3, 22, 274, 0, 3.38,  (Infinity%),
01/11/2017 17:26:14.995415, 400, 2, GEN2, -5, E036112D912508B3, 3, 304, 0, 3.38,  (Infinity%),
01/11/2017 17:26:18.699111, 401, 2, GEN2, -5, E036112D912508B3, 25, 280, 0, 3.38,  (Infinity%),
01/11/2017 17:26:19.378620, 402, 2, GEN2, -5, E036112D912508B3, 4, 447, 0, 3.38,  (Infinity%),
01/11/2017 17:26:19.980242, 403, 2, GEN2, -5, E036112D912508B3, 15, 348, 0, 3.38,  (Infinity%),
01/11/2017 17:26:20.683742, 404, 2, GEN2, -5, E036112D912508B3, 35, 388, 0, 3.38,  (Infinity%),
01/11/2017 17:26:21.274315, 405, 2, GEN2, -5, E036112D912508B3, 27, 428, 0, 3.38,  (Infinity%),
01/11/2017 17:26:21.976900, 406, 2, GEN2, -5, E036112D912508B3, 22, 206, 0, 3.38,  (Infinity%),
01/11/2017 17:26:22.661034, 407, 2, GEN2, -5, E036112D912508B3, 35, 206, 0, 3.38,  (Infinity%),
01/11/2017 17:26:23.203702, 408, 2, GEN2, -5, E036112D912508B3, 39, 117, 0, 3.38,  (Infinity%),
01/11/2017 17:26:23.845065, 409, 2, GEN2, -5, E036112D912508B3, 11, 224, 0, 3.38,  (Infinity%),
01/11/2017 17:26:24.361816, 410, 2, GEN2, -5, E036112D912508B3, 3, 281, 0, 3.38,  (Infinity%),
01/11/2017 17:26:25.037512, 411, 2, GEN2, -5, E036112D912508B3, 33, 150, 0, 3.38,  (Infinity%),
01/11/2017 17:26:25.566000, 412, 2, GEN2, -5, E036112D912508B3, 20, 215, 0, 3.38,  (Infinity%),
01/11/2017 17:26:26.169104, 413, 2, GEN2, -5, E036112D912508B3, 18, 129, 0, 3.38,  (Infinity%),
01/11/2017 17:26:26.819415, 414, 2, GEN2, -5, E036112D912508B3, 25, 216, 0, 3.38,  (Infinity%),
01/11/2017 17:26:27.498182, 415, 2, GEN2, -5, E036112D912508B3, 10, 94, 0, 3.38,  (Infinity%),
01/11/2017 17:26:28.025512, 416, 2, GEN2, -5, E036112D912508B3, 25, 443, 0, 3.38,  (Infinity%),
01/11/2017 17:26:28.650826, 417, 2, GEN2, -5, E036112D912508B3, 2, 123, 0, 3.38,  (Infinity%),
01/11/2017 17:26:29.337624, 418, 2, GEN2, -5, E036112D912508B3, 21, 258, 0, 3.38,  (Infinity%),
01/11/2017 17:26:29.911846, 419, 2, GEN2, -5, E036112D912508B3, 20, 179, 0, 3.38,  (Infinity%),
01/11/2017 17:26:30.613475, 420, 2, GEN2, -5, E036112D912508B3, 26, 413, 0, 3.38,  (Infinity%),
01/11/2017 17:26:31.134378, 421, 2, GEN2, -5, E036112D912508B3, 13, 141, 0, 3.38,  (Infinity%),
01/11/2017 17:26:31.782596, 422, 2, GEN2, -5, E036112D912508B3, 8, 180, 0, 3.38,  (Infinity%),
01/11/2017 17:26:32.325714, 423, 2, GEN2, -5, E036112D912508B3, 8, 367, 0, 3.38,  (Infinity%),
01/11/2017 17:26:32.830766, 424, 2, GEN2, -5, E036112D912508B3, 15, 291, 0, 3.38,  (Infinity%),
01/11/2017 17:26:33.521626, 425, 2, GEN2, -5, E036112D912508B3, 25, 382, 0, 3.38,  (Infinity%),
01/11/2017 17:26:34.150122, 426, 2, GEN2, -5, E036112D912508B3, 31, 123, 0, 3.38,  (Infinity%),
01/11/2017 17:26:34.685831, 427, 2, GEN2, -5, E036112D912508B3, 24, 391, 0, 3.38,  (Infinity%),
01/11/2017 17:26:35.204107, 428, 2, GEN2, -5, E036112D912508B3, 9, 136, 0, 3.38,  (Infinity%),
01/11/2017 17:26:35.788115, 429, 2, GEN2, -5, E036112D912508B3, 14, 106, 0, 3.38,  (Infinity%),
01/11/2017 17:26:36.367597, 430, 2, GEN2, -5, E036112D912508B3, 18, 237, 0, 3.38,  (Infinity%),
01/11/2017 17:26:36.998926, 431, 2, GEN2, -5, E036112D912508B3, 2, 245, 0, 3.38,  (Infinity%),
01/11/2017 17:26:37.625531, 432, 2, GEN2, -5, E036112D912508B3, 40, 100, 0, 3.38,  (Infinity%),
01/11/2017 17:26:38.245502, 433, 2, GEN2, -5, E036112D912508B3, 26, 188, 0, 3.38,  (Infinity%),
01/11/2017 17:26:38.857196, 434, 2, GEN2, -5, E036112D912508B3, 27, 155, 0, 3.38,  (Infinity%),
01/11/2017 17:26:39.451987, 435, 3, GEN2, -5, E036112D912508B3, 16, 431, 0, 3.38,  (Infinity%),
01/11/2017 17:26:43.014221, 436, 3, GEN2, -5, E036112D912508B3, 33, 286, 0, 3.38,  (Infinity%),
01/11/2017 17:26:43.688967, 437, 3, GEN2, -5, E036112D912508B3, 31, 196, 0, 3.38,  (Infinity%),
01/11/2017 17:26:44.342980, 438, 3, GEN2, -5, E036112D912508B3, 5, 283, 0, 3.38,  (Infinity%),
01/11/2017 17:26:44.857372, 439, 3, GEN2, -5, E036112D912508B3, 40, 212, 0, 3.38,  (Infinity%),
01/11/2017 17:26:45.561215, 440, 3, GEN2, -5, E036112D912508B3, 9, 233, 0, 3.38,  (Infinity%),
01/11/2017 17:26:46.195311, 441, 3, GEN2, -5, E036112D912508B3, 24, 340, 0, 3.38,  (Infinity%),
01/11/2017 17:26:46.821192, 442, 3, GEN2, -5, E036112D912508B3, 39, 134, 0, 3.38,  (Infinity%),
01/11/2017 17:26:47.332847, 443, 3, GEN2, -5, E036112D912508B3, 36, 257, 0, 3.38,  (Infinity%),
01/11/2017 17:26:47.989084, 444, 3, GEN2, -5, E036112D912508B3, 38, 381, 0, 3.38,  (Infinity%),
01/11/2017 17:26:48.496376, 445, 3, GEN2, -5, E036112D912508B3, 29, 283, 0, 3.38,  (Infinity%),
01/11/2017 17:26:49.049652, 446, 3, GEN2, -5, E036112D912508B3, 35, 141, 0, 3.38,  (Infinity%),
01/11/2017 17:26:49.584042, 447, 3, GEN2, -5, E036112D912508B3, 5, 92, 0, 3.38,  (Infinity%),
01/11/2017 17:26:50.132627, 448, 3, GEN2, -5, E036112D912508B3, 19, 298, 0, 3.38,  (Infinity%),
01/11/2017 17:26:50.832100, 449, 3, GEN2, -5, E036112D912508B3, 14, 247, 0, 3.38,  (Infinity%),
01/11/2017 17:26:51.362591, 450, 3, GEN2, -5, E036112D912508B3, 12, 381, 0, 3.38,  (Infinity%),
01/11/2017 17:26:51.874215, 451, 3, GEN2, -5, E036112D912508B3, 2, 104, 0, 3.38,  (Infinity%),
01/11/2017 17:26:52.436647, 452, 3, GEN2, -5, E036112D912508B3, 34, 334, 0, 3.38,  (Infinity%),
01/11/2017 17:26:52.991351, 453, 3, GEN2, -5, E036112D912508B3, 37, 181, 0, 3.38,  (Infinity%),
01/11/2017 17:26:53.602970, 454, 3, GEN2, -5, E036112D912508B3, 3, 304, 0, 3.38,  (Infinity%),
01/11/2017 17:26:54.292995, 455, 3, GEN2, -5, E036112D912508B3, 25, 238, 0, 3.38,  (Infinity%),
01/11/2017 17:26:54.846323, 456, 3, GEN2, -5, E036112D912508B3, 8, 429, 0, 3.38,  (Infinity%),
01/11/2017 17:26:55.475287, 457, 3, GEN2, -5, E036112D912508B3, 37, 185, 0, 3.38,  (Infinity%),
01/11/2017 17:26:56.026582, 458, 3, GEN2, -5, E036112D912508B3, 23, 415, 0, 3.38,  (Infinity%),
01/11/2017 17:26:56.619957, 459, 3, GEN2, -5, E036112D912508B3, 28, 228, 0, 3.38,  (Infinity%),
01/11/2017 17:26:57.229732, 460, 3, GEN2, -5, E036112D912508B3, 24, 171, 0, 3.38,  (Infinity%),
01/11/2017 17:26:57.805626, 461, 3, GEN2, -5, E036112D912508B3, 12, 225, 0, 3.38,  (Infinity%),
01/11/2017 17:26:58.467688, 462, 3, GEN2, -5, E036112D912508B3, 16, 115, 0, 3.38,  (Infinity%),
01/11/2017 17:26:59.099929, 463, 3, GEN2, -5, E036112D912508B3, 4, 185, 0, 3.38,  (Infinity%),
01/11/2017 17:26:59.609947, 464, 3, GEN2, -5, E036112D912508B3, 14, 271, 0, 3.38,  (Infinity%),
01/11/2017 17:27:00.257315, 465, 3, GEN2, -5, E036112D912508B3, 13, 439, 0, 3.38,  (Infinity%),
01/11/2017 17:27:00.758693, 466, 3, GEN2, -5, E036112D912508B3, 8, 332, 0, 3.38,  (Infinity%),
01/11/2017 17:27:01.402655, 467, 3, GEN2, -5, E036112D912508B3, 24, 128, 0, 3.38,  (Infinity%),
01/11/2017 17:27:02.052800, 468, 3, GEN2, -5, E036112D912508B3, 30, 240, 0, 3.38,  (Infinity%),
01/11/2017 17:27:02.706089, 469, 3, GEN2, -5, E036112D912508B3, 37, 166, 0, 3.38,  (Infinity%),
01/11/2017 17:27:03.312712, 470, 1, GEN2, -5, E036112D912508B3, 33, 284, 0, 3.38,  (Infinity%),
01/11/2017 17:27:06.924169, 471, 1, GEN2, -5, E036112D912508B3, 4, 296, 0, 3.38,  (Infinity%),
01/11/2017 17:27:07.592740, 472, 1, GEN2, -5, E036112D912508B3, 40, 430, 0, 3.38,  (Infinity%),
01/11/2017 17:27:08.225061, 473, 1, GEN2, -5, E036112D912508B3, 30, 255, 0, 3.38,  (Infinity%),
01/11/2017 17:27:08.835466, 474, 1, GEN2, -5, E036112D912508B3, 3, 405, 0, 3.38,  (Infinity%),
01/11/2017 17:27:09.473737, 475, 1, GEN2, -5, E036112D912508B3, 27, 221, 0, 3.38,  (Infinity%),
01/11/2017 17:27:10.026780, 476, 1, GEN2, -5, E036112D912508B3, 7, 127, 0, 3.38,  (Infinity%),
01/11/2017 17:27:10.596656, 477, 1, GEN2, -5, E036112D912508B3, 38, 119, 0, 3.38,  (Infinity%),
01/11/2017 17:27:11.292097, 478, 1, GEN2, -5, E036112D912508B3, 8, 176, 0, 3.38,  (Infinity%),
01/11/2017 17:27:11.976414, 479, 1, GEN2, -5, E036112D912508B3, 6, 180, 0, 3.38,  (Infinity%),
01/11/2017 17:27:12.477756, 480, 1, GEN2, -5, E036112D912508B3, 30, 240, 0, 3.38,  (Infinity%),
01/11/2017 17:27:13.056297, 481, 1, GEN2, -5, E036112D912508B3, 39, 432, 0, 3.38,  (Infinity%),
01/11/2017 17:27:13.590742, 482, 1, GEN2, -5, E036112D912508B3, 26, 289, 0, 3.38,  (Infinity%),
01/11/2017 17:27:14.288570, 483, 1, GEN2, -5, E036112D912508B3, 16, 364, 0, 3.38,  (Infinity%),
01/11/2017 17:27:14.903711, 484, 1, GEN2, -5, E036112D912508B3, 22, 101, 0, 3.38,  (Infinity%),
01/11/2017 17:27:15.571110, 485, 1, GEN2, -5, E036112D912508B3, 10, 249, 0, 3.38,  (Infinity%),
01/11/2017 17:27:16.107132, 486, 1, GEN2, -5, E036112D912508B3, 40, 342, 0, 3.38,  (Infinity%),
01/11/2017 17:27:16.612026, 487, 1, GEN2, -5, E036112D912508B3, 32, 361, 0, 3.38,  (Infinity%),
01/11/2017 17:27:17.216306, 488, 1, GEN2, -5, E036112D912508B3, 26, 352, 0, 3.38,  (Infinity%),
01/11/2017 17:27:17.755352, 489, 1, GEN2, -5, E036112D912508B3, 7, 359, 0, 3.38,  (Infinity%),
01/11/2017 17:27:18.442197, 490, 1, GEN2, -5, E036112D912508B3, 10, 239, 0, 3.38,  (Infinity%),
01/11/2017 17:27:19.024267, 491, 1, GEN2, -5, E036112D912508B3, 22, 224, 0, 3.38,  (Infinity%),
01/11/2017 17:27:19.553950, 492, 1, GEN2, -5, E036112D912508B3, 13, 439, 0, 3.38,  (Infinity%),
01/11/2017 17:27:20.161194, 493, 1, GEN2, -5, E036112D912508B3, 3, 229, 0, 3.38,  (Infinity%),
01/11/2017 17:27:20.760894, 494, 1, GEN2, -5, E036112D912508B3, 3, 374, 0, 3.38,  (Infinity%),
01/11/2017 17:27:21.261901, 495, 1, GEN2, -5, E036112D912508B3, 16, 277, 0, 3.38,  (Infinity%),
01/11/2017 17:27:21.777253, 496, 1, GEN2, -5, E036112D912508B3, 37, 328, 0, 3.38,  (Infinity%),
01/11/2017 17:27:22.328218, 497, 1, GEN2, -5, E036112D912508B3, 19, 97, 0, 3.38,  (Infinity%),
01/11/2017 17:27:22.908866, 498, 1, GEN2, -5, E036112D912508B3, 21, 373, 0, 3.38,  (Infinity%),
01/11/2017 17:27:23.443704, 499, 1, GEN2, -5, E036112D912508B3, 23, 334, 0, 3.38,  (Infinity%),
01/11/2017 17:27:24.028619, 500, 1, GEN2, -5, E036112D912508B3, 34, 374, 0, 3.38,  (Infinity%),
01/11/2017 17:27:24.725774, 501, 1, GEN2, -5, E036112D912508B3, 12, 429, 0, 3.38,  (Infinity%),
01/11/2017 17:27:25.389940, 502, 2, GEN2, -5, E036112D912508B3, 27, 443, 0, 3.38,  (Infinity%),
01/11/2017 17:27:29.051546, 503, 2, GEN2, -5, E036112D912508B3, 27, 96, 0, 3.38,  (Infinity%),
01/11/2017 17:27:29.618440, 504, 2, GEN2, -5, E036112D912508B3, 13, 187, 0, 3.38,  (Infinity%),
01/11/2017 17:27:30.160613, 505, 2, GEN2, -5, E036112D912508B3, 18, 126, 0, 3.38,  (Infinity%),
01/11/2017 17:27:30.677350, 506, 2, GEN2, -5, E036112D912508B3, 21, 398, 0, 3.38,  (Infinity%),
01/11/2017 17:27:31.263631, 507, 2, GEN2, -5, E036112D912508B3, 6, 108, 0, 3.38,  (Infinity%),
01/11/2017 17:27:31.877334, 508, 2, GEN2, -5, E036112D912508B3, 36, 252, 0, 3.38,  (Infinity%),
01/11/2017 17:27:32.487451, 509, 2, GEN2, -5, E036112D912508B3, 12, 174, 0, 3.38,  (Infinity%),
01/11/2017 17:27:33.182265, 510, 2, GEN2, -5, E036112D912508B3, 22, 439, 0, 3.38,  (Infinity%),
01/11/2017 17:27:33.808271, 511, 2, GEN2, -5, E036112D912508B3, 36, 120, 0, 3.38,  (Infinity%),
01/11/2017 17:27:34.493014, 512, 2, GEN2, -5, E036112D912508B3, 26, 98, 0, 3.38,  (Infinity%),
01/11/2017 17:27:35.157198, 513, 2, GEN2, -5, E036112D912508B3, 28, 256, 0, 3.38,  (Infinity%),
01/11/2017 17:27:35.782819, 514, 2, GEN2, -5, E036112D912508B3, 30, 134, 0, 3.38,  (Infinity%),
01/11/2017 17:27:36.459313, 515, 2, GEN2, -5, E036112D912508B3, 8, 147, 0, 3.38,  (Infinity%),
01/11/2017 17:27:37.113037, 516, 2, GEN2, -5, E036112D912508B3, 35, 202, 0, 3.38,  (Infinity%),
01/11/2017 17:27:37.800964, 517, 2, GEN2, -5, E036112D912508B3, 38, 412, 0, 3.38,  (Infinity%),
01/11/2017 17:27:38.366882, 518, 2, GEN2, -5, E036112D912508B3, 25, 99, 0, 3.38,  (Infinity%),
01/11/2017 17:27:39.063205, 519, 2, GEN2, -5, E036112D912508B3, 24, 332, 0, 3.38,  (Infinity%),
01/11/2017 17:27:39.567900, 520, 2, GEN2, -5, E036112D912508B3, 10, 336, 0, 3.38,  (Infinity%),
01/11/2017 17:27:40.128390, 521, 2, GEN2, -5, E036112D912508B3, 32, 214, 0, 3.38,  (Infinity%),
01/11/2017 17:27:40.683471, 522, 2, GEN2, -5, E036112D912508B3, 27, 432, 0, 3.38,  (Infinity%),
01/11/2017 17:27:41.368197, 523, 3, GEN2, -5, E036112D912508B3, 4, 358, 0, 3.38,  (Infinity%),
01/11/2017 17:27:45.059405, 524, 3, GEN2, -5, E036112D912508B3, 7, 202, 0, 3.38,  (Infinity%),
01/11/2017 17:27:45.568966, 525, 3, GEN2, -5, E036112D912508B3, 18, 291, 0, 3.38,  (Infinity%),
01/11/2017 17:27:46.079453, 526, 3, GEN2, -5, E036112D912508B3, 14, 423, 0, 3.38,  (Infinity%),
01/11/2017 17:27:46.730781, 527, 3, GEN2, -5, E036112D912508B3, 28, 267, 0, 3.38,  (Infinity%),
01/11/2017 17:27:47.263996, 528, 3, GEN2, -5, E036112D912508B3, 13, 427, 0, 3.38,  (Infinity%),
01/11/2017 17:27:47.887957, 529, 3, GEN2, -5, E036112D912508B3, 31, 216, 0, 3.38,  (Infinity%),
01/11/2017 17:27:48.578338, 530, 3, GEN2, -5, E036112D912508B3, 4, 192, 0, 3.38,  (Infinity%),
01/11/2017 17:27:49.213261, 531, 3, GEN2, -5, E036112D912508B3, 2, 131, 0, 3.38,  (Infinity%),
01/11/2017 17:27:49.769221, 532, 3, GEN2, -5, E036112D912508B3, 14, 226, 0, 3.38,  (Infinity%),
01/11/2017 17:27:50.442132, 533, 3, GEN2, -5, E036112D912508B3, 33, 153, 0, 3.38,  (Infinity%),
01/11/2017 17:27:51.083253, 534, 3, GEN2, -5, E036112D912508B3, 14, 444, 0, 3.38,  (Infinity%),
01/11/2017 17:27:51.761082, 535, 3, GEN2, -5, E036112D912508B3, 2, 449, 0, 3.38,  (Infinity%),
01/11/2017 17:27:52.327235, 536, 3, GEN2, -5, E036112D912508B3, 12, 253, 0, 3.38,  (Infinity%),
01/11/2017 17:27:52.877898, 537, 3, GEN2, -5, E036112D912508B3, 22, 429, 0, 3.38,  (Infinity%),
01/11/2017 17:27:53.510574, 538, 3, GEN2, -5, E036112D912508B3, 33, 401, 0, 3.38,  (Infinity%),
01/11/2017 17:27:54.090444, 539, 3, GEN2, -5, E036112D912508B3, 38, 306, 0, 3.38,  (Infinity%),
01/11/2017 17:27:54.789187, 540, 3, GEN2, -5, E036112D912508B3, 13, 97, 0, 3.38,  (Infinity%),
01/11/2017 17:27:55.449146, 541, 3, GEN2, -5, E036112D912508B3, 25, 188, 0, 3.38,  (Infinity%),
01/11/2017 17:27:56.057758, 542, 3, GEN2, -5, E036112D912508B3, 36, 228, 0, 3.38,  (Infinity%),
01/11/2017 17:27:56.598190, 543, 3, GEN2, -5, E036112D912508B3, 26, 354, 0, 3.38,  (Infinity%),
01/11/2017 17:27:57.186900, 544, 3, GEN2, -5, E036112D912508B3, 6, 185, 0, 3.38,  (Infinity%),
01/11/2017 17:27:57.875061, 545, 3, GEN2, -5, E036112D912508B3, 38, 154, 0, 3.38,  (Infinity%),
01/11/2017 17:27:58.393588, 546, 3, GEN2, -5, E036112D912508B3, 33, 306, 0, 3.38,  (Infinity%),
